UO_COD;UO_SIGLA;NUM_CONTRATO_ENTRADA;INICIATIVA;NUM_PROCESSO_COMPRA;NUM_CONTRATO_SAIDA;OBJETO_CONTRATO_SAIDA;DATA_INICIO_VIGENCIA_CONTRATO_SAIDA;DATA_TERMINO_VIGENCIA_CONTRATO_SAIDA;VLR_TOTAL_ATUALIZADO_CONTRATO;VLR_EMPENHADO;VLR_CANCELADO_RPNP;VLR_RESTABELECIDO_RPNP;VLR_CANCELADO_RPP;VLR_RESTABELECIDO_RPP;VLR_LIQUIDADO;VLR_LIQUIDADO_RPNP;VLR_PAGO_ORCAMENTARIO;VLR_PAGO_RPNP;VLR_PAGO_RPP
1071;GABINETE MILITAR;9288147;Convivência com a Seca - Construção de cisternas;;0;;;;;30119,84;0;0;0;0;30032,54;0;30032,54;0;0
1071;GABINETE MILITAR;9288147;Convivência com a Seca - Construção de cisternas;;9472421;;;;;1478830;0;0;0;0;0;0;0;0;0
1071;GABINETE MILITAR;9288147;Convivência com a Seca - Construção de cisternas;;9472423;;;;;608464;0;0;0;0;0;0;0;0;0
1071;GABINETE MILITAR;9288147;Convivência com a Seca - Construção de cisternas;;9472424;;;;;568749,99;0;0;0;0;0;0;0;0;0
1081;AGE;9288176;Reestruturação logística, tecnológica e de cobrança da dívida ativa da AGE;;0;;;;;332814,08;0;0;0;0;249374,08;83440;249374,08;83440;0
1081;AGE;9288176;Reestruturação logística, tecnológica e de cobrança da dívida ativa da AGE;;9309063;;;;;365873,54;173910,85;0;0;0;191962,69;0;191962,69;0;0
1081;AGE;9288176;Reestruturação logística, tecnológica e de cobrança da dívida ativa da AGE;;9313042;;;;;175076,91;175076,91;0;0;0;0;0;0;0;0
1081;AGE;9288176;Reestruturação logística, tecnológica e de cobrança da dívida ativa da AGE;;9314550;;;;;3780000;0;0;0;0;0;3780000;0;3780000;0
1081;AGE;9288176;Reestruturação logística, tecnológica e de cobrança da dívida ativa da AGE;;9315488;;;;;223531,21;0;0;0;0;0;223531,21;0;223531,21;0
1081;AGE;9288176;Reestruturação logística, tecnológica e de cobrança da dívida ativa da AGE;;9315906;;;;;135914,53;135914,53;0;0;0;0;0;0;0;0
1081;AGE;9288176;Reestruturação logística, tecnológica e de cobrança da dívida ativa da AGE;;9317151;;;;;81085,08;81085,08;0;0;0;0;0;0;0;0
1081;AGE;9288176;Reestruturação logística, tecnológica e de cobrança da dívida ativa da AGE;;9317158;;;;;77172,58;77172,58;0;0;0;0;0;0;0;0
1081;AGE;9288176;Reestruturação logística, tecnológica e de cobrança da dívida ativa da AGE;;9317163;;;;;83552,58;83552,58;0;0;0;0;0;0;0;0
1081;AGE;9288176;Reestruturação logística, tecnológica e de cobrança da dívida ativa da AGE;;9317177;;;;;398278,97;189313,93;0;0;0;208965,04;0;208965,04;0;0
1081;AGE;9288176;Reestruturação logística, tecnológica e de cobrança da dívida ativa da AGE;;9317385;;;;;156128,48;74212,58;0;0;0;81915,9;0;81915,9;0;0
1081;AGE;9288176;Reestruturação logística, tecnológica e de cobrança da dívida ativa da AGE;;9317454;;;;;1124708;1124708;0;0;0;0;0;0;0;0
1081;AGE;9288176;Reestruturação logística, tecnológica e de cobrança da dívida ativa da AGE;;9317788;;;;;57648,81;57648,81;0;0;0;0;0;0;0;0
1081;AGE;9288176;Reestruturação logística, tecnológica e de cobrança da dívida ativa da AGE;;9317898;;;;;129996;0;0;0;0;0;129996;0;129996;0
1081;AGE;9288176;Reestruturação logística, tecnológica e de cobrança da dívida ativa da AGE;;9318059;;;;;151925,89;151925,89;0;0;0;0;0;0;0;0
1081;AGE;9288176;Reestruturação logística, tecnológica e de cobrança da dívida ativa da AGE;;9324193;;;;;0;0;0;0;0;0;0;0;0;0
1081;AGE;9288176;Reestruturação logística, tecnológica e de cobrança da dívida ativa da AGE;;9324196;;;;;0;0;0;0;0;0;0;0;0;0
1081;AGE;9288176;Reestruturação logística, tecnológica e de cobrança da dívida ativa da AGE;;9324227;;;;;403547,66;0;0;0;0;179518,63;224029,03;179518,63;224029,03;0
1081;AGE;9288176;Reestruturação logística, tecnológica e de cobrança da dívida ativa da AGE;;9325993;;;;;688800;483636;0;0;0;0;205164;0;205164;0
1081;AGE;9288176;Reestruturação logística, tecnológica e de cobrança da dívida ativa da AGE;;9327278;;;;;240000;0;0;0;0;240000;0;240000;0;0
1081;AGE;9288176;Reestruturação logística, tecnológica e de cobrança da dívida ativa da AGE;;9345396;;;;;1555311,27;0;0;0;0;1535234,75;20076,52;1535234,75;20076,52;0
1081;AGE;9288176;Reestruturação logística, tecnológica e de cobrança da dívida ativa da AGE;;9345483;;;;;89000;0;0;0;0;89000;0;89000;0;0
1081;AGE;9288176;Reestruturação logística, tecnológica e de cobrança da dívida ativa da AGE;;9346600;;;;;32400;0;0;0;0;0;32400;0;32400;0
1081;AGE;9288176;Reestruturação logística, tecnológica e de cobrança da dívida ativa da AGE;;9362428;;;;;15824;0;0;0;0;15824;0;15824;0;0
1081;AGE;9288176;Reestruturação logística, tecnológica e de cobrança da dívida ativa da AGE;;9364663;;;;;432965,6;33592;0;0;0;399373,6;0;399373,6;0;0
1081;AGE;9288176;Reestruturação logística, tecnológica e de cobrança da dívida ativa da AGE;;9369456;;;;;110604,11;0;0;0;0;0;110604,11;0;110604,11;0
1081;AGE;9288176;Reestruturação logística, tecnológica e de cobrança da dívida ativa da AGE;;9369462;;;;;74955,3;0;0;0;0;74955,3;0;74955,3;0;0
1081;AGE;9288176;Reestruturação logística, tecnológica e de cobrança da dívida ativa da AGE;;9369537;;;;;33476,82;0;0;0;0;0;33476,82;0;33476,82;0
1081;AGE;9288176;Reestruturação logística, tecnológica e de cobrança da dívida ativa da AGE;;9371352;;;;;639800;0;0;0;0;0;639800;0;639800;0
1081;AGE;9288176;Reestruturação logística, tecnológica e de cobrança da dívida ativa da AGE;;9371417;;;;;269300;0;0;0;0;0;269300;0;269300;0
1081;AGE;9288176;Reestruturação logística, tecnológica e de cobrança da dívida ativa da AGE;;9371425;;;;;79900;0;0;0;0;0;79900;0;79900;0
1081;AGE;9288176;Reestruturação logística, tecnológica e de cobrança da dívida ativa da AGE;;9372330;;;;;910149;0;0;0;0;910149;0;910149;0;0
1081;AGE;9288176;Reestruturação logística, tecnológica e de cobrança da dívida ativa da AGE;;9377025;;;;;413232,5;0;0;0;0;413232,5;0;413232,5;0;0
1081;AGE;9288176;Reestruturação logística, tecnológica e de cobrança da dívida ativa da AGE;;9385541;;;;;1870776,61;557333,55;0;0;0;1199339,59;114103,47;1199339,59;114103,47;0
1081;AGE;9288176;Reestruturação logística, tecnológica e de cobrança da dívida ativa da AGE;;9386081;;;;;903830,4;0;0;0;0;903830,4;0;903830,4;0;0
1081;AGE;9288176;Reestruturação logística, tecnológica e de cobrança da dívida ativa da AGE;;9391457;;;;;56000;0;0;0;0;56000;0;56000;0;0
1081;AGE;9288176;Reestruturação logística, tecnológica e de cobrança da dívida ativa da AGE;;9393209;;;;;138848,41;0;0;0;0;138848,41;0;138848,41;0;0
1081;AGE;9288176;Reestruturação logística, tecnológica e de cobrança da dívida ativa da AGE;;9408724;;;;;76000;0;0;0;0;76000;0;76000;0;0
1081;AGE;9288176;Reestruturação logística, tecnológica e de cobrança da dívida ativa da AGE;;9410250;;;;;98556,04;0;0;0;0;98556,04;0;98556,04;0;0
1081;AGE;9288176;Reestruturação logística, tecnológica e de cobrança da dívida ativa da AGE;;9417873;;;;;728185,47;384,45;0;0;0;622930,87;62922,31;622930,87;62922,31;0
1081;AGE;9288176;Reestruturação logística, tecnológica e de cobrança da dívida ativa da AGE;;9427647;;;;;2816760,8;360000;0;0;0;2414760,8;42000;2414760,8;42000;0
1081;AGE;9288176;Reestruturação logística, tecnológica e de cobrança da dívida ativa da AGE;;9447646;;;;;393000;0;0;0;0;393000;0;393000;0;0
1101;OGE;9288143;Implantação da Ouvidoria 4.0 e Ouvidoria Móvel;;0;;;;;13808,08;0;0;0;0;13808,08;0;13808,08;0;0
1101;OGE;9288143;Implantação da Ouvidoria 4.0 e Ouvidoria Móvel;;9261253;;;;;6356,67;0;0;0;0;6356,67;0;6356,67;0;0
1101;OGE;9288143;Implantação da Ouvidoria 4.0 e Ouvidoria Móvel;;9290294;;;;;145087,52;440;0;0;0;136337,52;8310;136337,52;8310;0
1101;OGE;9288143;Implantação da Ouvidoria 4.0 e Ouvidoria Móvel;;9297402;;;;;5000;0;0;0;0;5000;0;5000;0;0
1101;OGE;9288143;Implantação da Ouvidoria 4.0 e Ouvidoria Móvel;;9299186;;;;;10000;0;0;0;0;10000;0;10000;0;0
1101;OGE;9288143;Implantação da Ouvidoria 4.0 e Ouvidoria Móvel;;9315098;;;;;159578,32;0;0;0;0;159578,32;0;159578,32;0;0
1101;OGE;9288143;Implantação da Ouvidoria 4.0 e Ouvidoria Móvel;;9327480;;;;;363360,33;132232,33;0;0;0;231128;0;231128;0;0
1101;OGE;9288143;Implantação da Ouvidoria 4.0 e Ouvidoria Móvel;;9334793;;;;;21087,85;0;0;0;0;21087,85;0;21087,85;0;0
1101;OGE;9288143;Implantação da Ouvidoria 4.0 e Ouvidoria Móvel;;9334984;;;;;3100;0;0;0;0;3100;0;3100;0;0
1101;OGE;9288143;Implantação da Ouvidoria 4.0 e Ouvidoria Móvel;;9337338;;;;;239144;126920;0;0;0;112224;0;112224;0;0
1101;OGE;9288143;Implantação da Ouvidoria 4.0 e Ouvidoria Móvel;;9348778;;;;;10000;0;0;0;0;10000;0;10000;0;0
1101;OGE;9288143;Implantação da Ouvidoria 4.0 e Ouvidoria Móvel;;9401521;;;;;5745;0;0;0;0;5745;0;5745;0;0
1221;SEDE;9288210;Elaboração de instrumentos de gestão para desenvolvimento de mineração sustentável e competitiva - Avaliação Ambiental Estratégica;;9327467;;;;;2069958,26;616,45;0;0;0;1279743,45;789598,36;1279743,45;789598,36;0
1221;SEDE;9288211;Elaboração de instrumentos de gestão para desenvolvimento de mineração sustentável e competitiva - Elaboração do Plano Estadual da Mineração de Minas Gerais;;9327467;;;;;0;0;0;0;0;0;0;0;0;0
1221;SEDE;9288211;Elaboração de instrumentos de gestão para desenvolvimento de mineração sustentável e competitiva - Elaboração do Plano Estadual da Mineração de Minas Gerais;;9345391;;;;;3342402,04;0,02;0;0;0;861361,45;2481040,57;861361,45;2481040,57;0
1221;SEDE;9288212;Intervenções e Obras a serem realizadas, sob a responsabilidade e de propriedade do Estado de Minas Gerais, com o objetivo de aumentar a resiliência das Bacias do Paraopeba e Rio das Velhas, de modo a garantir o abastecimento da Região Metropolitana de Belo Horizonte - RMBH;;9406412;;;;;3209815,83;0;0;0;0;3209815,83;0;3209815,83;0;0
1221;SEDE;9288212;Intervenções e Obras a serem realizadas, sob a responsabilidade e de propriedade do Estado de Minas Gerais, com o objetivo de aumentar a resiliência das Bacias do Paraopeba e Rio das Velhas, de modo a garantir o abastecimento da Região Metropolitana de Belo Horizonte - RMBH;;9406413;;;;;1316655,44;0;0;0;0;1316655,44;0;1316655,44;0;0
1221;SEDE;9288212;Intervenções e Obras a serem realizadas, sob a responsabilidade e de propriedade do Estado de Minas Gerais, com o objetivo de aumentar a resiliência das Bacias do Paraopeba e Rio das Velhas, de modo a garantir o abastecimento da Região Metropolitana de Belo Horizonte - RMBH;;9439916;;;;;46719,07;0;0;0;0;46719,07;0;46719,07;0;0
1221;SEDE;9288212;Intervenções e Obras a serem realizadas, sob a responsabilidade e de propriedade do Estado de Minas Gerais, com o objetivo de aumentar a resiliência das Bacias do Paraopeba e Rio das Velhas, de modo a garantir o abastecimento da Região Metropolitana de Belo Horizonte - RMBH;;9458887;;;;;54361069,28;0;0;0;0;19964,44;0;19964,44;0;0
1231;SEAPA;9288191;Ressarcimentos de despesas públicas;;9287509;;;;;2085958,92;4518,15;0;0;0;1717106,56;73911,82;1717106,56;73911,82;0
1231;SEAPA;9321270;Plano de Desenvolvimento da Cadeia Agropecuária;;0;;;;;842212,06;0;0;0;0;842212,06;0;842212,06;0;0
1251;PMMG;9288137;Ampliação da rede de rádio digital no interior do Estado de Minas Gerais;;0;;;;;698115,68;0;0;0;0;0;698115,68;0;698115,68;0
1251;PMMG;9288137;Ampliação da rede de rádio digital no interior do Estado de Minas Gerais;;9290606;;;;;23667850;0;0;0;0;309600;23358250;0;23358250;309600
1251;PMMG;9288137;Ampliação da rede de rádio digital no interior do Estado de Minas Gerais;;9290744;;;;;31357175;0;0;175685;0;0;31357175;0;29776010;1405480
1251;PMMG;9288137;Ampliação da rede de rádio digital no interior do Estado de Minas Gerais;;9290749;;;;;2940000;0;0;0;0;0;2940000;0;2350000;590000
1251;PMMG;9288137;Ampliação da rede de rádio digital no interior do Estado de Minas Gerais;;9290752;;;;;796800;0;0;0;0;0;796800;0;796800;0
1251;PMMG;9288137;Ampliação da rede de rádio digital no interior do Estado de Minas Gerais;;9290753;;;;;792000;0;0;0;0;0;792000;0;792000;0
1251;PMMG;9288137;Ampliação da rede de rádio digital no interior do Estado de Minas Gerais;;9290754;;;;;3150000;0;0;0;0;0;3150000;0;2975000;172900
1251;PMMG;9288137;Ampliação da rede de rádio digital no interior do Estado de Minas Gerais;;9317461;;;;;3587010;0;0;0;0;0;3587010;0;3587010;0
1251;PMMG;9288137;Ampliação da rede de rádio digital no interior do Estado de Minas Gerais;;9318429;;;;;6300000;0;0;0;0;0;6300000;0;5460000;840000
1251;PMMG;9288137;Ampliação da rede de rádio digital no interior do Estado de Minas Gerais;;9342717;;;;;14459000;0;0;0;0;0;14459000;0;13509000;938600
1251;PMMG;9288137;Ampliação da rede de rádio digital no interior do Estado de Minas Gerais;;9346683;;;;;2530000;0;0;0;0;0;2530000;0;2225000;301340
1251;PMMG;9288137;Ampliação da rede de rádio digital no interior do Estado de Minas Gerais;;9369084;;;;;4195000;0;0;0;0;0;4195000;0;3855000;335920
1251;PMMG;9288137;Ampliação da rede de rádio digital no interior do Estado de Minas Gerais;;9369086;;;;;2310000;0;0;0;0;0;2100000;0;1470000;420000
1251;PMMG;9288137;Ampliação da rede de rádio digital no interior do Estado de Minas Gerais;;9436680;;;;;1417330;0;0;0;0;0;1417330;0;1417330;0
1251;PMMG;9288137;Ampliação da rede de rádio digital no interior do Estado de Minas Gerais;;9436733;;;;;66000;0;0;0;0;0;66000;0;66000;0
1251;PMMG;9288137;Ampliação da rede de rádio digital no interior do Estado de Minas Gerais;;9441202;;;;;9100;0;0;0;0;0;9100;0;9100;0
1251;PMMG;9288138;Proteção policial individual e do cidadão mineiro;;9290269;;;;;6249112,08;0;0;0;0;0;6249112,08;0;6249112,08;0
1251;PMMG;9288138;Proteção policial individual e do cidadão mineiro;;9290270;;;;;6007977,17;0;0;0;0;6007977,17;0;6007977,17;0;0
1251;PMMG;9288138;Proteção policial individual e do cidadão mineiro;;9316087;;;;;5096597;0;0;0;0;0;5096597;0;5096597;0
1251;PMMG;9288138;Proteção policial individual e do cidadão mineiro;;9316088;;;;;640290;0;0;0;0;0;640290;0;640290;0
1251;PMMG;9288138;Proteção policial individual e do cidadão mineiro;;9345460;;;;;399667,27;0;0;0;0;259783,73;139883,54;259783,73;139883,54;0
1251;PMMG;9288138;Proteção policial individual e do cidadão mineiro;;9345802;;;;;7169455;0;0;0;0;0;7169455;0;7169455;0
1251;PMMG;9288138;Proteção policial individual e do cidadão mineiro;;9346213;;;;;922865,88;620,88;0;0;0;0;922245;0;922245;0
1251;PMMG;9288138;Proteção policial individual e do cidadão mineiro;;9354438;;;;;707059,79;447,29;0;0;0;41347,06;665265,44;41347,06;665265,44;0
1251;PMMG;9288138;Proteção policial individual e do cidadão mineiro;;9368905;;;;;691348,52;652554,61;0;0;0;0;38793,91;0;38793,91;0
1251;PMMG;9288138;Proteção policial individual e do cidadão mineiro;;9370683;;;;;2233106,45;0;0;0;0;218931,6;1972392,28;218931,6;1972392,28;0
1251;PMMG;9288138;Proteção policial individual e do cidadão mineiro;;9370900;;;;;1469689,48;1,16;0;0;0;150000;1319688,32;150000;1319688,32;0
1251;PMMG;9288138;Proteção policial individual e do cidadão mineiro;;9371050;;;;;5277813,72;0;0;0;0;0;5277813,72;0;5277813,72;0
1251;PMMG;9288138;Proteção policial individual e do cidadão mineiro;;9372834;;;;;862991,2;0;0;0;0;643487,55;219503,65;643487,55;219503,65;0
1251;PMMG;9288138;Proteção policial individual e do cidadão mineiro;;9406007;;;;;962500,12;41917,12;0;0;0;0;920583;0;920583;0
1251;PMMG;9288138;Proteção policial individual e do cidadão mineiro;;9468533;;;;;618375;0;0;0;0;0;0;0;0;0
1251;PMMG;9288148;Fortalecimento do atendimento à saúde militar;;9423324;;;;;1821434,34;1816205,52;0;0;0;0;5228,82;0;5228,82;0
1251;PMMG;9288150;Segurança Rural e de Áreas de Risco;;9317485;;;;;10471000;0;0;0;0;0;10471000;0;10471000;0
1251;PMMG;9288150;Segurança Rural e de Áreas de Risco;;9318394;;;;;179450;0;0;0;0;0;179450;0;179450;0
1251;PMMG;9288182;Ampliação de postos de abastecimento próprios do Estado;;9317511;;;;;398200,69;1741,29;0;0;0;22761,33;373698,07;22761,33;373698,07;0
1251;PMMG;9288182;Ampliação de postos de abastecimento próprios do Estado;;9341523;;;;;1072501,06;29299,6;0;0;0;419850,88;623350,58;419850,88;570609,19;52741,39
1251;PMMG;9288182;Ampliação de postos de abastecimento próprios do Estado;;9342242;;;;;773986,76;35676,32;0;0;0;1401,12;736909,32;1401,12;736909,32;0
1251;PMMG;9288182;Ampliação de postos de abastecimento próprios do Estado;;9342900;;;;;386617,1;9279,49;0;0;0;0;377337,61;0;377337,61;0
1251;PMMG;9288182;Ampliação de postos de abastecimento próprios do Estado;;9344623;;;;;701866,09;53040,16;0;0;0;0;648825,93;0;648825,93;0
1251;PMMG;9288182;Ampliação de postos de abastecimento próprios do Estado;;9344669;;;;;501283,29;490201,92;0;0;0;1800;9281,37;1800;9281,37;0
1251;PMMG;9288182;Ampliação de postos de abastecimento próprios do Estado;;9344794;;;;;97806,21;168;0;0;0;35837,02;61801,19;35837,02;61801,19;0
1251;PMMG;9288182;Ampliação de postos de abastecimento próprios do Estado;;9345458;;;;;414491,2;41437,73;0;0;0;0;373053,47;0;373053,47;0
1251;PMMG;9288182;Ampliação de postos de abastecimento próprios do Estado;;9345740;;;;;508480,43;35027,28;0;0;0;0;473453,15;0;473453,15;0
1251;PMMG;9288182;Ampliação de postos de abastecimento próprios do Estado;;9345741;;;;;548363,13;22467,77;0;0;0;11456,12;514439,24;11456,12;514439,24;0
1251;PMMG;9288182;Ampliação de postos de abastecimento próprios do Estado;;9439797;;;;;355000;0;0;0;0;0;285007,47;0;285007,47;0
1251;PMMG;9288186;Ações de Prevenção e Combate a Incêndio em Unidades de Conservação Estaduais;;9406267;;;;;467145;0;0;0;0;0;467145;0;467145;0
1251;PMMG;9288186;Ações de Prevenção e Combate a Incêndio em Unidades de Conservação Estaduais;;9406287;;;;;1145700;0;0;0;0;0;1145700;0;1145700;0
1251;PMMG;9341846;Ampliação da capacidade de cobertura da malha aérea da Polícia Militar de Minas Gerais;;9356247;;;;;13899715,81;0;0;0;0;13899715,81;0;13899715,81;0;0
1271;SECULT;9288152;Fortalecimento da competitividade turística de Minas Gerais;;0;;;;;939068,42;0;0;0;0;898437,92;0;898048,2;0;199,56
1271;SECULT;9288152;Fortalecimento da competitividade turística de Minas Gerais;;9261267;;;;;233944,4;56743,21;0;0;0;170205,52;6995,67;170205,52;6995,67;0
1271;SECULT;9288152;Fortalecimento da competitividade turística de Minas Gerais;;9317827;;;;;6e+05;0;0;0;0;0;6e+05;0;6e+05;0
1271;SECULT;9288152;Fortalecimento da competitividade turística de Minas Gerais;;9318387;;;;;80000;0;0;0;0;80000;0;80000;0;0
1271;SECULT;9288152;Fortalecimento da competitividade turística de Minas Gerais;;9318389;;;;;210000;0;0;0;0;210000;0;210000;0;0
1271;SECULT;9288152;Fortalecimento da competitividade turística de Minas Gerais;;9318390;;;;;210000;0;0;0;0;210000;0;210000;0;0
1271;SECULT;9288152;Fortalecimento da competitividade turística de Minas Gerais;;9318396;;;;;80000;0;0;0;0;80000;0;80000;0;0
1271;SECULT;9288152;Fortalecimento da competitividade turística de Minas Gerais;;9318398;;;;;210000;0;0;0;0;210000;0;210000;0;0
1271;SECULT;9288152;Fortalecimento da competitividade turística de Minas Gerais;;9318399;;;;;210000;0;0;0;0;210000;0;210000;0;0
1271;SECULT;9288152;Fortalecimento da competitividade turística de Minas Gerais;;9318401;;;;;210000;0;0;0;0;210000;0;210000;0;0
1271;SECULT;9288152;Fortalecimento da competitividade turística de Minas Gerais;;9318402;;;;;210000;0;0;210000;0;210000;0;0;0;0
1271;SECULT;9288152;Fortalecimento da competitividade turística de Minas Gerais;;9318406;;;;;210000;0;0;0;0;210000;0;210000;0;0
1271;SECULT;9288152;Fortalecimento da competitividade turística de Minas Gerais;;9318407;;;;;210000;0;0;0;0;210000;0;210000;0;0
1271;SECULT;9288152;Fortalecimento da competitividade turística de Minas Gerais;;9318409;;;;;80000;0;0;0;0;80000;0;80000;0;0
1271;SECULT;9288152;Fortalecimento da competitividade turística de Minas Gerais;;9318410;;;;;210000;0;0;0;0;210000;0;210000;0;0
1271;SECULT;9288152;Fortalecimento da competitividade turística de Minas Gerais;;9318412;;;;;210000;0;0;0;0;210000;0;210000;0;0
1271;SECULT;9288152;Fortalecimento da competitividade turística de Minas Gerais;;9318414;;;;;80000;0;0;0;0;80000;0;80000;0;0
1271;SECULT;9288152;Fortalecimento da competitividade turística de Minas Gerais;;9318559;;;;;80000;0;0;0;0;80000;0;80000;0;0
1271;SECULT;9288152;Fortalecimento da competitividade turística de Minas Gerais;;9318560;;;;;210000;0;0;0;0;210000;0;210000;0;0
1271;SECULT;9288152;Fortalecimento da competitividade turística de Minas Gerais;;9318561;;;;;210000;0;0;0;0;210000;0;210000;0;0
1271;SECULT;9288152;Fortalecimento da competitividade turística de Minas Gerais;;9327317;;;;;236601,33;0;0;0;0;236601,33;0;236601,33;0;0
1271;SECULT;9288152;Fortalecimento da competitividade turística de Minas Gerais;;9337461;;;;;2e+05;0;0;0;0;2e+05;0;2e+05;0;0
1271;SECULT;9288152;Fortalecimento da competitividade turística de Minas Gerais;;9345743;;;;;351628,12;0;0;0;0;351628,12;0;351628,12;0;0
1271;SECULT;9288152;Fortalecimento da competitividade turística de Minas Gerais;;9348796;;;;;436270,9;0;0;0;0;436270,9;0;436270,9;0;0
1271;SECULT;9288152;Fortalecimento da competitividade turística de Minas Gerais;;9368353;;;;;233322;0;0;0;0;233322;0;233322;0;0
1271;SECULT;9288152;Fortalecimento da competitividade turística de Minas Gerais;;9372714;;;;;415877,2;18747,47;0;0;0;362649,48;34480,25;323073,02;34480,25;38630,17
1271;SECULT;9288152;Fortalecimento da competitividade turística de Minas Gerais;;9373048;;;;;569308,8;0;0;0;0;569308,8;0;569308,8;0;0
1271;SECULT;9288152;Fortalecimento da competitividade turística de Minas Gerais;;9379466;;;;;750000;0;0;0;0;750000;0;750000;0;0
1271;SECULT;9288152;Fortalecimento da competitividade turística de Minas Gerais;;9385642;;;;;150000;0;0;0;0;150000;0;150000;0;0
1271;SECULT;9288152;Fortalecimento da competitividade turística de Minas Gerais;;9386121;;;;;1e+05;0;0;0;0;1e+05;0;1e+05;0;0
1271;SECULT;9288152;Fortalecimento da competitividade turística de Minas Gerais;;9386224;;;;;106500;0;0;0;0;106500;0;106500;0;0
1271;SECULT;9288152;Fortalecimento da competitividade turística de Minas Gerais;;9386228;;;;;1e+05;0;0;0;0;1e+05;0;1e+05;0;0
1271;SECULT;9288152;Fortalecimento da competitividade turística de Minas Gerais;;9390066;;;;;89750;0;0;0;0;89750;0;89750;0;0
1271;SECULT;9288152;Fortalecimento da competitividade turística de Minas Gerais;;9390430;;;;;1e+05;0;0;0;0;1e+05;0;1e+05;0;0
1271;SECULT;9288152;Fortalecimento da competitividade turística de Minas Gerais;;9390435;;;;;140000;0;0;0;0;140000;0;140000;0;0
1271;SECULT;9288152;Fortalecimento da competitividade turística de Minas Gerais;;9390605;;;;;75940;0;0;0;0;75940;0;75940;0;0
1271;SECULT;9288152;Fortalecimento da competitividade turística de Minas Gerais;;9390606;;;;;1e+05;0;0;0;0;1e+05;0;1e+05;0;0
1271;SECULT;9288152;Fortalecimento da competitividade turística de Minas Gerais;;9392887;;;;;98900;0;0;0;0;98900;0;98900;0;0
1271;SECULT;9288152;Fortalecimento da competitividade turística de Minas Gerais;;9392893;;;;;99998,68;0;0;0;0;99998,68;0;99998,68;0;0
1271;SECULT;9288152;Fortalecimento da competitividade turística de Minas Gerais;;9392894;;;;;150000;0;0;0;0;150000;0;150000;0;0
1271;SECULT;9288152;Fortalecimento da competitividade turística de Minas Gerais;;9394410;;;;;91150;0;0;0;0;91150;0;91150;0;0
1271;SECULT;9288152;Fortalecimento da competitividade turística de Minas Gerais;;9394411;;;;;134960;0;0;0;0;134960;0;134960;0;0
1271;SECULT;9288152;Fortalecimento da competitividade turística de Minas Gerais;;9394412;;;;;91800;0;0;0;0;91800;0;91800;0;0
1271;SECULT;9288152;Fortalecimento da competitividade turística de Minas Gerais;;9394442;;;;;699417,47;0;0;0;0;699417,47;0;699417,47;0;0
1271;SECULT;9288152;Fortalecimento da competitividade turística de Minas Gerais;;9395047;;;;;1e+05;0;0;0;0;1e+05;0;1e+05;0;0
1271;SECULT;9288152;Fortalecimento da competitividade turística de Minas Gerais;;9395048;;;;;83047,93;0;0;0;0;83047,93;0;83047,93;0;0
1271;SECULT;9288152;Fortalecimento da competitividade turística de Minas Gerais;;9395050;;;;;1e+05;0;0;0;0;1e+05;0;1e+05;0;0
1271;SECULT;9288152;Fortalecimento da competitividade turística de Minas Gerais;;9395052;;;;;140000;0;0;0;0;140000;0;140000;0;0
1271;SECULT;9288152;Fortalecimento da competitividade turística de Minas Gerais;;9396609;;;;;350000;0;0;0;0;350000;0;350000;0;0
1271;SECULT;9288152;Fortalecimento da competitividade turística de Minas Gerais;;9405760;;;;;1e+05;0;0;0;0;1e+05;0;0;0;1e+05
1271;SECULT;9288152;Fortalecimento da competitividade turística de Minas Gerais;;9406167;;;;;1e+05;0;0;0;0;1e+05;0;1e+05;0;0
1271;SECULT;9288152;Fortalecimento da competitividade turística de Minas Gerais;;9406892;;;;;139000;0;0;0;0;139000;0;0;0;139000
1271;SECULT;9288152;Fortalecimento da competitividade turística de Minas Gerais;;9407447;;;;;99651,27;0;0;0;0;99651,27;0;0;0;99651,27
1271;SECULT;9288152;Fortalecimento da competitividade turística de Minas Gerais;;9411363;;;;;622000;0;0;0;0;622000;0;622000;0;0
1271;SECULT;9288152;Fortalecimento da competitividade turística de Minas Gerais;;9430934;;;;;559800;0;0;0;0;559800;0;559800;0;0
1271;SECULT;9288152;Fortalecimento da competitividade turística de Minas Gerais;;9447711;;;;;162200;0;0;0;0;83224,56;0;83224,56;0;0
1271;SECULT;9288152;Fortalecimento da competitividade turística de Minas Gerais;;9456288;;;;;67000;0;0;0;0;67000;0;67000;0;0
1271;SECULT;9288153;Pesquisas, Tendências e Monitoramento da Cultura e do Turismo;;9337229;;;;;488790;0;0;0;0;488790;0;488790;0;0
1271;SECULT;9288153;Pesquisas, Tendências e Monitoramento da Cultura e do Turismo;;9372707;;;;;237300;0;0;0;0;237300;0;237300;0;0
1271;SECULT;9288153;Pesquisas, Tendências e Monitoramento da Cultura e do Turismo;;9474019;;;;;138200;0;0;0;0;0;0;0;0;0
1271;SECULT;9288153;Pesquisas, Tendências e Monitoramento da Cultura e do Turismo;;9474690;;;;;191600;0;0;0;0;0;0;0;0;0
1271;SECULT;9288154;Plano Diretor do Turismo Verde em Minas Gerais - Plano de Desenvolvimento Integrado do Turismo Sustentável de Minas Gerais;;9386022;;;;;1080000;5e+05;0;0;0;580000;0;580000;0;0
1301;SEINFRA;9288133;Recuperação de rodovias pavimentadas em pior estado, conforme avaliação técnica do DER-MG/conclusão de corredor logístico estruturante, conforme critérios técnicos da SEINFRA;;9337942;;;;;1,8e+07;0;0;0;0;1,8e+07;0;9e+06;0;9e+06
1301;SEINFRA;9288133;Recuperação de rodovias pavimentadas em pior estado, conforme avaliação técnica do DER-MG/conclusão de corredor logístico estruturante, conforme critérios técnicos da SEINFRA;;9340781;;;;;0;0;0;0;0;0;0;0;0;0
1301;SEINFRA;9288178;Prevenção de Enchentes - Construção de Bacias de Contenção no Córrego Ferrugem;;0;;;;;52142048,53;112006,7;0;0;0;51645051,93;384989,9;51264419,78;384989,9;380632,15
1301;SEINFRA;9288178;Prevenção de Enchentes - Construção de Bacias de Contenção no Córrego Ferrugem;;9337409;;;;;107179240,07;0;0;0;0;107179240,07;0;107179240,07;0;0
1301;SEINFRA;9288178;Prevenção de Enchentes - Construção de Bacias de Contenção no Córrego Ferrugem;;9337942;;;;;0;0;0;0;0;0;0;0;0;0
1301;SEINFRA;9288178;Prevenção de Enchentes - Construção de Bacias de Contenção no Córrego Ferrugem;;9340781;;;;;70846245,57;0;0;0;0;70846245,57;0;35423122,79;0;35423122,78
1301;SEINFRA;9288191;Ressarcimentos de despesas públicas;;0;;;;;142717,08;0;0;0;0;142717,08;0;142717,08;0;0
1301;SEINFRA;9288191;Ressarcimentos de despesas públicas;;9363592;;;;;3464660,26;152165,21;0;0;0;2066501,78;1017604,64;2066501,78;1017604,64;0
1301;SEINFRA;9288191;Ressarcimentos de despesas públicas;;9434242;;;;;6699999,99;0;0;0;0;0;1013149,64;0;817619,35;0
1301;SEINFRA;9337957;Complementação dos recursos federais para o Metrô da RMBH;;0;;;;;4e+05;4e+05;0;0;0;0;0;0;0;0
1301;SEINFRA;9337957;Complementação dos recursos federais para o Metrô da RMBH;;9390995;;;;;0;0;0;0;0;0;0;0;0;0
1301;SEINFRA;9337957;Complementação dos recursos federais para o Metrô da RMBH;;9396486;;;;;470156273,05;3960873,3;0;0;0;466195399,75;0;466195399,75;0;0
1301;SEINFRA;9361779;Recuperação de rodovias pavimentadas em pior estado, conforme avaliação técnica do DER-MG / conclusão de corredor logístico estruturante, conforme critérios técnicos da Seinfra - Mobilidade regional na Bacia do Paraopeba;;9372855;;;;;1595608,77;0;0;0;0;1595608,77;0;1595608,77;0;0
1301;SEINFRA;9395028;Projetos Regionais Rodoviários - Mobilidade regional na Bacia do Paraopeba;;9408030;;;;;84310252,37;0;0;0;0;84310252,37;0;0;0;42155126,19
1301;SEINFRA;9395028;Projetos Regionais Rodoviários - Mobilidade regional na Bacia do Paraopeba;;9430864;;;;;69994460,59;0;0;0;0;69994460,59;0;34997230,3;0;0
1301;SEINFRA;9435581;Melhoria da infraestrutura dos municípios – Fortalecimento do transporte metropolitano;;0;;;;;400301480;1e+06;0;0;0;272132480;127169000;272132480;127169000;0
1371;SEMAD;9288195;Fortalecimento da estrutura de fiscalização do Sistema Estadual de Meio Ambiente;;0;;;;;105499,5;46500;0;0;0;58999,5;0;58999,5;0;0
1371;SEMAD;9288195;Fortalecimento da estrutura de fiscalização do Sistema Estadual de Meio Ambiente;;9346285;;;;;271250;0;0;0;0;271250;0;271250;0;0
1371;SEMAD;9288213;Implantação de Fábrica de Software para construção de sistema de governança ambiental;;9325903;;;;;1319239,2;207924;0;0;0;664011,2;447304;664011,2;447304;0
1371;SEMAD;9288213;Implantação de Fábrica de Software para construção de sistema de governança ambiental;;9390354;;;;;3230288;209592;0;0;0;2754164;266532;2653212,5;266532;95981,58
1371;SEMAD;9288213;Implantação de Fábrica de Software para construção de sistema de governança ambiental;;9440948;;;;;1827651,58;500304;0;0;0;1327347,58;0;1327347,58;0;0
1371;SEMAD;9288213;Implantação de Fábrica de Software para construção de sistema de governança ambiental;;9473035;;;;;307569;0;0;0;0;0;0;0;0;0
1401;CBMMG;9288167;Reestruturação das Tecnologias de Informação do CBMMG;;0;;;;;599687,21;0;0;0;0;269815,7;329871,51;213440,7;329871,51;53669
1401;CBMMG;9288167;Reestruturação das Tecnologias de Informação do CBMMG;;9369592;;;;;15480,67;0;0;0;0;0;15480,67;0;15480,67;0
1401;CBMMG;9288167;Reestruturação das Tecnologias de Informação do CBMMG;;9388531;;;;;1094374;0;0;0;0;1094374;0;1094374;0;0
1401;CBMMG;9288167;Reestruturação das Tecnologias de Informação do CBMMG;;9389197;;;;;1805072;0;0;0;0;224114;1580957,27;224114;1551096;0
1401;CBMMG;9288167;Reestruturação das Tecnologias de Informação do CBMMG;;9393302;;;;;104261,58;0;0;0;0;104261,58;0;104261,58;0;0
1401;CBMMG;9288167;Reestruturação das Tecnologias de Informação do CBMMG;;9397942;;;;;154630;0;0;0;0;0;154630;0;154630;0
1401;CBMMG;9288168;Expansão e fortalecimento da Academia do Corpo de Bombeiros Militar;;0;;;;;1,3e+08;0;0;0;0;1,3e+08;0;1,3e+08;0;0
1401;CBMMG;9288169;Execução de obras e serviços de engenharia em várias unidades do CBMMG;;0;;;;;533778,42;0;0;193,24;0;366444,53;77335,16;341412,65;77335,16;2680,42
1401;CBMMG;9288169;Execução de obras e serviços de engenharia em várias unidades do CBMMG;;9318205;;;;;1882682,36;0;0;0;0;0;1882682,36;0;1844690,99;37991,37
1401;CBMMG;9288169;Execução de obras e serviços de engenharia em várias unidades do CBMMG;;9394363;;;;;9000;0;0;0;0;9000;0;9000;0;0
1401;CBMMG;9288169;Execução de obras e serviços de engenharia em várias unidades do CBMMG;;9394386;;;;;253000;0;0;0;0;195497,65;57502,35;195497,65;57502,35;0
1401;CBMMG;9288169;Execução de obras e serviços de engenharia em várias unidades do CBMMG;;9394387;;;;;116777,39;0;0;0;0;15777,39;101000;15777,39;101000;0
1401;CBMMG;9288169;Execução de obras e serviços de engenharia em várias unidades do CBMMG;;9401944;;;;;134780,95;0;0;0;0;0;134780,95;0;134780,95;0
1401;CBMMG;9288169;Execução de obras e serviços de engenharia em várias unidades do CBMMG;;9401969;;;;;198947,65;35515,76;0;0;0;0;163431,89;0;163431,89;0
1401;CBMMG;9288169;Execução de obras e serviços de engenharia em várias unidades do CBMMG;;9405845;;;;;17000;0;0;0;0;0;17000;0;17000;0
1401;CBMMG;9288169;Execução de obras e serviços de engenharia em várias unidades do CBMMG;;9405901;;;;;534306,3;7946,79;0;0;0;0;452614,63;0;334070,16;116955,05
1401;CBMMG;9288169;Execução de obras e serviços de engenharia em várias unidades do CBMMG;;9405915;;;;;203800;0;0;0;0;0;203800;0;203800;0
1401;CBMMG;9288169;Execução de obras e serviços de engenharia em várias unidades do CBMMG;;9406566;;;;;82100,11;1234,22;0;0;0;3100,05;77765,84;0;77765,84;3100,05
1401;CBMMG;9288169;Execução de obras e serviços de engenharia em várias unidades do CBMMG;;9406884;;;;;236593,14;0;0;0;0;6578,26;230014,88;6578,26;230014,88;0
1401;CBMMG;9288169;Execução de obras e serviços de engenharia em várias unidades do CBMMG;;9442066;;;;;28877,46;823,42;0;0;0;28054,04;0;1237,18;0;26816,86
1401;CBMMG;9288169;Execução de obras e serviços de engenharia em várias unidades do CBMMG;;9442812;;;;;13533,95;0;0;0;0;0;13533,95;0;13533,95;0
1401;CBMMG;9288169;Execução de obras e serviços de engenharia em várias unidades do CBMMG;;9447188;;;;;63399,99;0;0;0;0;63399,99;0;63399,99;0;0
1401;CBMMG;9288169;Execução de obras e serviços de engenharia em várias unidades do CBMMG;;9447191;;;;;15500;0;0;0;0;8000;0;8000;0;0
1401;CBMMG;9288169;Execução de obras e serviços de engenharia em várias unidades do CBMMG;;9453550;;;;;53500;0;0;0;0;53500;0;53500;0;0
1401;CBMMG;9288169;Execução de obras e serviços de engenharia em várias unidades do CBMMG;;9461442;;;;;145999,06;0;0;0;0;0;0;0;0;0
1401;CBMMG;9288169;Execução de obras e serviços de engenharia em várias unidades do CBMMG;;9468331;;;;;12850;0;0;0;0;12850;0;12850;0;0
1401;CBMMG;9288169;Execução de obras e serviços de engenharia em várias unidades do CBMMG;;9472919;;;;;21950;0;0;0;0;21950;0;700,2;0;0
1401;CBMMG;9288182;Ampliação de postos de abastecimento próprios do Estado;;9337917;;;;;846754,96;84847,02;0;0;0;0;761907,94;0;600526,59;161381,35
1401;CBMMG;9345097;Renovação da frota da CBMMG, modernização logística e reposição de materiais;;0;;;;;44110;0;0;0;0;44110;0;44110;0;0
1401;CBMMG;9345097;Renovação da frota da CBMMG, modernização logística e reposição de materiais;;9345992;;;;;3047593,6;0;0;0;0;0;3047593,6;0;3047593,6;0
1401;CBMMG;9345390;Implementação do sistema de comunicação crítica do CBMMG para monitoramento das áreas de risco;;0;;;;;114320,58;114320,58;0;0;0;0;0;0;0;0
1401;CBMMG;9345390;Implementação do sistema de comunicação crítica do CBMMG para monitoramento das áreas de risco;;9345404;;;;;17965000;0;0;0;0;0;7820000;0;7820000;0
1401;CBMMG;9345390;Implementação do sistema de comunicação crítica do CBMMG para monitoramento das áreas de risco;;9345443;;;;;425760;0;0;0;0;0;0;0;0;0
1401;CBMMG;9345390;Implementação do sistema de comunicação crítica do CBMMG para monitoramento das áreas de risco;;9369597;;;;;5741999,99;0;0;0;0;0;1130872,92;0;1130872,92;0
1401;CBMMG;9345390;Implementação do sistema de comunicação crítica do CBMMG para monitoramento das áreas de risco;;9396395;;;;;0;0;0;0;0;0;0;0;0;0
1451;SEJUSP;9288181;Reintegração social e humanização do sistema prisional;;0;;;;;565,26;0;0;0;0;565,26;0;565,26;0;0
1451;SEJUSP;9288181;Reintegração social e humanização do sistema prisional;;9271605;;;;;9049769,46;721069,64;0;0;0;4843313,96;839991,57;4695319,65;839991,57;147432,92
1451;SEJUSP;9288181;Reintegração social e humanização do sistema prisional;;9309940;;;;;99175;0;0;0;0;0;99175;0;99175;0
1451;SEJUSP;9288181;Reintegração social e humanização do sistema prisional;;9337303;;;;;36417015,47;7378631,59;0;0;0;23673385,2;4795535,14;22906714,25;4795535,14;757211,56
1451;SEJUSP;9288181;Reintegração social e humanização do sistema prisional;;9389202;;;;;2121740,46;155984,59;0;0;0;731070,56;1234579,54;731070,56;1149070,38;84445,83
1451;SEJUSP;9288181;Reintegração social e humanização do sistema prisional;;9389210;;;;;935023,28;172359,06;0;0;0;202547,82;560116,4;202547,82;560116,4;0
1451;SEJUSP;9288181;Reintegração social e humanização do sistema prisional;;9390672;;;;;12402054,49;7606118,78;0;0;0;1962698,54;2833237,17;1962698,54;2833237,17;0
1451;SEJUSP;9288181;Reintegração social e humanização do sistema prisional;;9391340;;;;;2579531,24;1002155,42;0;0;0;80582,11;1496793,71;57129,71;1496793,71;23170,97
1451;SEJUSP;9288181;Reintegração social e humanização do sistema prisional;;9393313;;;;;2896920,72;0;0;0;0;996109,73;1900810,99;996109,73;1900810,99;0
1451;SEJUSP;9288181;Reintegração social e humanização do sistema prisional;;9406250;;;;;981778,4;0;0;0;0;0;981778,4;0;778731,85;200547,52
1451;SEJUSP;9288181;Reintegração social e humanização do sistema prisional;;9411160;;;;;15573834,77;0;0;0;0;9848079,86;1075560,83;9073579,3;1075560,83;589579,36
1451;SEJUSP;9288181;Reintegração social e humanização do sistema prisional;;9411162;;;;;8800000;0;0;0;0;5067823,19;1519858,32;5067823,19;1519858,32;0
1491;SEGOV;9288130;Melhoria da infraestrutura dos municípios;;0;;;;;1645796000;0;0;0;0;1645796000;0;1645796000;0;0
1501;SEPLAG;9288183;Melhoria da estrutura logística e energética da Cidade Administrativa para redução de custos;;9396616;;;;;9126250,79;0;0;0;0;0;8667530,65;0;8222542,25;439454,87
1501;SEPLAG;9288191;Ressarcimentos de despesas públicas;;0;;;;;1200;0;0;0;0;1200;0;1200;0;0
1501;SEPLAG;9288191;Ressarcimentos de despesas públicas;;9287509;;;;;2192793,68;30031,74;0;0;0;1889629,56;51072,36;1748622,18;51072,36;141007,38
1501;SEPLAG;9288191;Ressarcimentos de despesas públicas;;9408600;;;;;795000;125635,3;0;0;0;427928,42;0;427928,42;0;0
1501;SEPLAG;9288213;Implantação de Fábrica de Software para construção de sistema de governança ambiental;;9315313;;;;;2295248;366231;0;0;0;1858209;70808;1858209;70808;0
1501;SEPLAG;9288213;Implantação de Fábrica de Software para construção de sistema de governança ambiental;;9345486;;;;;1271371;0;0;0;0;1209247;62124;637079,95;62124;543998,82
1501;SEPLAG;9288213;Implantação de Fábrica de Software para construção de sistema de governança ambiental;;9471847;;;;;239979;0;0;0;0;0;0;0;0;0
1511;PCMG;9288144;Construção do Núcleo Integrado de Perícias da Polícia Civil de Minas Gerais;;9314581;;;;;3672539,07;0;0;0;0;0;3672539,07;0;3672539,07;0
1511;PCMG;9288144;Construção do Núcleo Integrado de Perícias da Polícia Civil de Minas Gerais;;9354436;;;;;1604360,33;433571,9;0;0;0;1146814,95;23973,48;1146814,95;23973,48;0
1511;PCMG;9288144;Construção do Núcleo Integrado de Perícias da Polícia Civil de Minas Gerais;;9424301;;;;;0;0;0;0;0;0;0;0;0;0
1511;PCMG;9288145;Projeto ABIS - Sistema Automatizado de Identificação Biométrica;;9315542;;;;;1108000;1108000;0;0;0;0;0;0;0;0
1511;PCMG;9288145;Projeto ABIS - Sistema Automatizado de Identificação Biométrica;;9344741;;;;;46414792,16;1069792,16;0;0;0;41623229,09;3721769,91;41623229,09;3721769,91;0
1511;PCMG;9288196;Estruturação operacional da Polícia Civil de Minas Gerais;;0;;;;;260261,04;0;0;0;0;685;259576,04;195;259576,04;490
1511;PCMG;9288196;Estruturação operacional da Polícia Civil de Minas Gerais;;9220709;;;;;5e+05;0;0;0;0;5e+05;0;5e+05;0;0
1511;PCMG;9288196;Estruturação operacional da Polícia Civil de Minas Gerais;;9317157;;;;;160213,88;0;0;0;0;0;160213,88;0;56696,36;101835,22
1511;PCMG;9288196;Estruturação operacional da Polícia Civil de Minas Gerais;;9325856;;;;;1120350;0;0;0;0;960300;160050;0;160050;960300
1511;PCMG;9288196;Estruturação operacional da Polícia Civil de Minas Gerais;;9331999;;;;;54346,22;0;0;0;0;0;54346,22;0;54346,22;0
1511;PCMG;9288196;Estruturação operacional da Polícia Civil de Minas Gerais;;9341039;;;;;8112000;0;0;0;0;0;8112000;0;8112000;0
1511;PCMG;9288196;Estruturação operacional da Polícia Civil de Minas Gerais;;9341450;;;;;10500;0;0;0;0;0;10500;0;10500;0
1511;PCMG;9288196;Estruturação operacional da Polícia Civil de Minas Gerais;;9341520;;;;;1401284;0;0;0;0;1401284;0;1401284;0;0
1511;PCMG;9288196;Estruturação operacional da Polícia Civil de Minas Gerais;;9341524;;;;;0;0;0;0;0;0;0;0;0;0
1511;PCMG;9288196;Estruturação operacional da Polícia Civil de Minas Gerais;;9341582;;;;;521900;0;0;0;0;521900;0;521900;0;0
1511;PCMG;9288196;Estruturação operacional da Polícia Civil de Minas Gerais;;9344177;;;;;144193,46;0;0;0;0;21844,44;122349,02;1201,44;122349,02;20643
1511;PCMG;9288196;Estruturação operacional da Polícia Civil de Minas Gerais;;9344500;;;;;398187,06;0;0;0;0;166447,24;231739,82;102668,01;201049,46;93681,44
1511;PCMG;9288196;Estruturação operacional da Polícia Civil de Minas Gerais;;9344540;;;;;72202,24;0;0;0;0;0;72202,24;0;72202,24;0
1511;PCMG;9288196;Estruturação operacional da Polícia Civil de Minas Gerais;;9344712;;;;;277530,22;77590,69;0;0;0;0;199939,53;0;199939,53;0
1511;PCMG;9288196;Estruturação operacional da Polícia Civil de Minas Gerais;;9344812;;;;;1255,95;0;0;0;0;0;1255,95;0;1255,95;0
1511;PCMG;9288196;Estruturação operacional da Polícia Civil de Minas Gerais;;9344820;;;;;4600;0;0;0;0;0;4600;0;4600;0
1511;PCMG;9288196;Estruturação operacional da Polícia Civil de Minas Gerais;;9344824;;;;;75835,72;14395,33;0;0;0;61440,39;0;4853,8;0;56586,59
1511;PCMG;9288196;Estruturação operacional da Polícia Civil de Minas Gerais;;9344825;;;;;83179,25;0;0;0;0;345,94;82833,31;345,94;82833,31;0
1511;PCMG;9288196;Estruturação operacional da Polícia Civil de Minas Gerais;;9344852;;;;;252897,82;38085,33;0;0;0;18054,36;196758,13;442,33;196758,13;17612,03
1511;PCMG;9288196;Estruturação operacional da Polícia Civil de Minas Gerais;;9345061;;;;;83595,05;0;0;0;0;0;83595,05;0;83595,05;0
1511;PCMG;9288196;Estruturação operacional da Polícia Civil de Minas Gerais;;9345142;;;;;120936,94;0;0;0;0;83195,79;37741,15;83195,79;37741,15;0
1511;PCMG;9288196;Estruturação operacional da Polícia Civil de Minas Gerais;;9345178;;;;;137923,49;0;0;0;0;137923,49;0;6068,64;0;131854,85
1511;PCMG;9288196;Estruturação operacional da Polícia Civil de Minas Gerais;;9345718;;;;;119315,1;0;0;0;0;22633,63;96681,47;8490,47;72236,35;38079,43
1511;PCMG;9288196;Estruturação operacional da Polícia Civil de Minas Gerais;;9345787;;;;;1361109,2;0;0;0;0;1361109,2;0;1314174,4;0;46934,8
1511;PCMG;9288196;Estruturação operacional da Polícia Civil de Minas Gerais;;9345825;;;;;288789,19;1586,27;0;0;0;0;287202,92;0;287202,92;0
1511;PCMG;9288196;Estruturação operacional da Polícia Civil de Minas Gerais;;9345839;;;;;1674000;39153,79;0;0;0;634846,21;1e+06;561236,26;935681,86;135957,72
1511;PCMG;9288196;Estruturação operacional da Polícia Civil de Minas Gerais;;9346070;;;;;236288,17;41178,18;0;0;0;0;195109,99;0;176778,3;18098,91
1511;PCMG;9288196;Estruturação operacional da Polícia Civil de Minas Gerais;;9346169;;;;;350934,12;333883,99;0;0;0;0;17050,13;0;17050,13;0
1511;PCMG;9288196;Estruturação operacional da Polícia Civil de Minas Gerais;;9346672;;;;;724928,01;12722,61;0;0;0;0;712205,4;0;664095,22;48110,18
1511;PCMG;9288196;Estruturação operacional da Polícia Civil de Minas Gerais;;9359875;;;;;850284,83;0;0;0;0;850284,83;0;850284,83;0;0
1511;PCMG;9288196;Estruturação operacional da Polícia Civil de Minas Gerais;;9363612;;;;;419400;0;0;0;0;419400;0;0;0;419400
1511;PCMG;9288196;Estruturação operacional da Polícia Civil de Minas Gerais;;9363767;;;;;618904;0;0;0;0;0;618904;0;618904;0
1511;PCMG;9288196;Estruturação operacional da Polícia Civil de Minas Gerais;;9370577;;;;;20150;0;0;0;0;0;20150;0;20150;0
1511;PCMG;9288196;Estruturação operacional da Polícia Civil de Minas Gerais;;9370587;;;;;571837,33;0,01;0;0;0;0;571837,32;0;508355,38;62675,82
1511;PCMG;9288196;Estruturação operacional da Polícia Civil de Minas Gerais;;9371151;;;;;28770;0;0;0;0;28770;0;28770;0;0
1511;PCMG;9288196;Estruturação operacional da Polícia Civil de Minas Gerais;;9371154;;;;;29498;0;0;0;0;29498;0;29498;0;0
1511;PCMG;9288196;Estruturação operacional da Polícia Civil de Minas Gerais;;9371155;;;;;346683,48;0;0;0;0;68168,1;278515,38;68168,1;278515,38;0
1511;PCMG;9288196;Estruturação operacional da Polícia Civil de Minas Gerais;;9385588;;;;;648475,92;378,63;0;0;0;464716,56;183380,73;464716,56;183380,73;0
1511;PCMG;9288196;Estruturação operacional da Polícia Civil de Minas Gerais;;9385589;;;;;66183,61;0;0;0;0;66183,61;0;47971,56;0;17985,58
1511;PCMG;9288196;Estruturação operacional da Polícia Civil de Minas Gerais;;9385591;;;;;472317,35;213,45;0;0;0;0;472103,9;0;452348,99;19754,91
1511;PCMG;9288196;Estruturação operacional da Polícia Civil de Minas Gerais;;9386158;;;;;191036,85;0;0;0;0;86290,37;104746,48;86290,37;104746,48;0
1511;PCMG;9288196;Estruturação operacional da Polícia Civil de Minas Gerais;;9388657;;;;;705968,55;0;0;0;0;151991,78;494188,51;151991,78;494188,51;0
1511;PCMG;9288196;Estruturação operacional da Polícia Civil de Minas Gerais;;9389146;;;;;2062635,16;1370937,45;0;0;0;38448,94;653248,77;38448,94;644893,24;8249,43
1511;PCMG;9288196;Estruturação operacional da Polícia Civil de Minas Gerais;;9394321;;;;;141538,42;0;0;0;0;82721,23;58817,19;6445,67;58817,19;76275,56
1511;PCMG;9288196;Estruturação operacional da Polícia Civil de Minas Gerais;;9395041;;;;;11584,62;0;0;0;0;11584,62;0;11584,62;0;0
1511;PCMG;9288196;Estruturação operacional da Polícia Civil de Minas Gerais;;9405854;;;;;4132,26;0;0;0;0;0;0;0;0;0
1511;PCMG;9288196;Estruturação operacional da Polícia Civil de Minas Gerais;;9406880;;;;;9890;0;0;0;0;0;9890;0;9890;0
1511;PCMG;9288196;Estruturação operacional da Polícia Civil de Minas Gerais;;9410216;;;;;272158,32;0;0;0;0;272158,32;0;272158,32;0;0
1511;PCMG;9288196;Estruturação operacional da Polícia Civil de Minas Gerais;;9413957;;;;;74200,07;0;0;0;0;35000,07;0;35000,07;0;0
1511;PCMG;9288196;Estruturação operacional da Polícia Civil de Minas Gerais;;9414363;;;;;3952,47;0;0;0;0;3952,47;0;3952,47;0;0
1511;PCMG;9288196;Estruturação operacional da Polícia Civil de Minas Gerais;;9424301;;;;;307947,42;0;0;0;0;67987,95;14661,06;67987,95;14661,06;0
1511;PCMG;9288196;Estruturação operacional da Polícia Civil de Minas Gerais;;9424615;;;;;288847,68;0;0;0;0;0;0;0;0;0
1511;PCMG;9288196;Estruturação operacional da Polícia Civil de Minas Gerais;;9424637;;;;;125000;0;0;0;0;125000;0;125000;0;0
1511;PCMG;9288196;Estruturação operacional da Polícia Civil de Minas Gerais;;9437443;;;;;524552,12;0;0;0;0;0;160375,05;0;160375,05;0
1511;PCMG;9288196;Estruturação operacional da Polícia Civil de Minas Gerais;;9439936;;;;;25000;0;0;0;0;0;25000;0;25000;0
1511;PCMG;9288196;Estruturação operacional da Polícia Civil de Minas Gerais;;9440574;;;;;313897,15;0;0;0;0;0;62630,36;0;62630,36;0
1511;PCMG;9288196;Estruturação operacional da Polícia Civil de Minas Gerais;;9440575;;;;;710793,91;0;0;0;0;0;342270,04;0;342270,04;0
1511;PCMG;9288196;Estruturação operacional da Polícia Civil de Minas Gerais;;9447434;;;;;1153769,81;0;0;0;0;205632,33;0;192366,99;0;0
1511;PCMG;9288196;Estruturação operacional da Polícia Civil de Minas Gerais;;9469982;;;;;37300;0;0;0;0;37300;0;37300;0;0
1511;PCMG;9288196;Estruturação operacional da Polícia Civil de Minas Gerais;;9471760;;;;;1226844,8;0;0;0;0;0;0;0;0;0
1511;PCMG;9334530;Modernização da identificação civil e criminal - Digitalização do acervo de fichas datiloscópicas e cartões onomásticos;;9345618;;;;;388888,89;388888,89;0;0;0;0;0;0;0;0
1511;PCMG;9334530;Modernização da identificação civil e criminal - Digitalização do acervo de fichas datiloscópicas e cartões onomásticos;;9388695;;;;;9716377,55;76923,25;0;0;0;8334491,95;726657,75;8334491,95;726657,75;0
1521;CGE;9288155;Fortalecimento e reestruturação tecnológica da Controladoria Geral do Estado;;9223570;;;;;80000;0;0;0;0;0;80000;0;80000;0
1521;CGE;9288155;Fortalecimento e reestruturação tecnológica da Controladoria Geral do Estado;;9293571;;;;;3736747,5;0;0;0;0;3736747,5;0;3736747,5;0;0
1521;CGE;9288155;Fortalecimento e reestruturação tecnológica da Controladoria Geral do Estado;;9337673;;;;;176378,4;11424;0;0;0;117626,4;47328;117626,4;47328;0
1521;CGE;9288155;Fortalecimento e reestruturação tecnológica da Controladoria Geral do Estado;;9345179;;;;;90530;5893;0;0;0;77653;2328;71046,62;2328;6606,38
1521;CGE;9288155;Fortalecimento e reestruturação tecnológica da Controladoria Geral do Estado;;9363761;;;;;18537;0;0;0;0;0;18537;0;18537;0
1521;CGE;9288155;Fortalecimento e reestruturação tecnológica da Controladoria Geral do Estado;;9445311;;;;;83658;0;0;0;0;0;83658;0;83658;0
1521;CGE;9288155;Fortalecimento e reestruturação tecnológica da Controladoria Geral do Estado;;9445332;;;;;1216552;323312;0;0;0;435035;10688;435035;10688;0
1915;PARTICIPACAO EMPRESAS;9288212;Intervenções e Obras a serem realizadas, sob a responsabilidade e de propriedade do Estado de Minas Gerais, com o objetivo de aumentar a resiliência das Bacias do Paraopeba e Rio das Velhas, de modo a garantir o abastecimento da Região Metropolitana de Belo Horizonte - RMBH;;0;;;;;2427295557,9;2427295557,9;0;0;0;0;0;0;0;0
2091;FEAM;9288189;Consultoria técnica sobre a descaracterização das barragens I e II da Mundo Mineração Ltda.;;9417618;;;;;54588,1;0;0;0;0;27294,05;27294,05;27294,05;27294,05;0
2091;FEAM;9288191;Ressarcimentos de despesas públicas;;0;;;;;1991,52;0;0;0;0;1991,52;0;1991,52;0;0
2091;FEAM;9288195;Fortalecimento da estrutura de fiscalização do Sistema Estadual de Meio Ambiente;;0;;;;;102269;0;0;0;0;39110;63159;39110;63159;0
2101;IEF;9288186;Ações de Prevenção e Combate a Incêndio em Unidades de Conservação Estaduais;;9408425;;;;;113916,66;0;0;0;0;0;113916,66;0;113916,66;0
2101;IEF;9288186;Ações de Prevenção e Combate a Incêndio em Unidades de Conservação Estaduais;;9408428;;;;;535192,94;0;0;0;0;0;535192,94;0;535192,94;0
2101;IEF;9288186;Ações de Prevenção e Combate a Incêndio em Unidades de Conservação Estaduais;;9408469;;;;;64800;0;0;0;0;0;64800;0;64800;0
2101;IEF;9288187;Consolidação das unidades de conservação no Estado de Minas Gerais;;0;;;;;885244,88;0;0;0;0;885244,88;0;885244,88;0;0
2101;IEF;9288187;Consolidação das unidades de conservação no Estado de Minas Gerais;;9337350;;;;;510000;171593,75;0;0;0;117406,25;221000;117406,25;221000;0
2101;IEF;9288187;Consolidação das unidades de conservação no Estado de Minas Gerais;;9389310;;;;;505062;0;0;0;0;429302,7;75759,3;378796,5;75759,3;50506,2
2101;IEF;9288187;Consolidação das unidades de conservação no Estado de Minas Gerais;;9409758;;;;;308165,02;0;0;0;0;203868,91;58193,04;203868,91;47873,36;0
2101;IEF;9288191;Ressarcimentos de despesas públicas;;0;;;;;950,28;0;0;0;0;950,28;0;950,28;0;0
2201;IEPHA;9288141;Georreferenciamento de bens culturais protegidos;;0;;;;;376,5;0;0;0;0;376,5;0;376,5;0;0
2201;IEPHA;9288141;Georreferenciamento de bens culturais protegidos;;9334485;;;;;270184,89;0;0;0;0;184851,63;85333,26;184851,63;85333,26;0
2271;FHEMIG;9288136;Reestruturação dos Hospitais da Rede FHEMIG;;0;;;;;14029248,32;8090,89;0;0;0;10348780,93;1573599,04;9280345,53;1573599,04;1050926,26
2271;FHEMIG;9288136;Reestruturação dos Hospitais da Rede FHEMIG;;9219865;;;;;137489,31;66227,07;0;0;0;71262,24;0;71262,24;0;0
2271;FHEMIG;9288136;Reestruturação dos Hospitais da Rede FHEMIG;;9358254;;;;;181000;0;0;0;0;181000;0;181000;0;0
2271;FHEMIG;9288136;Reestruturação dos Hospitais da Rede FHEMIG;;9358255;;;;;122840;0;0;0;0;0;122840;0;122840;0
2271;FHEMIG;9288136;Reestruturação dos Hospitais da Rede FHEMIG;;9358256;;;;;55000;0;0;0;0;55000;0;55000;0;0
2271;FHEMIG;9288136;Reestruturação dos Hospitais da Rede FHEMIG;;9371814;;;;;2989250,48;0;0;0;0;2989250,48;0;2989250,48;0;0
2271;FHEMIG;9288136;Reestruturação dos Hospitais da Rede FHEMIG;;9388822;;;;;822572,61;0;0;0;0;447696,33;374876,28;398656,47;374876,28;48382,34
2271;FHEMIG;9288136;Reestruturação dos Hospitais da Rede FHEMIG;;9389192;;;;;1706260,4;0;0;0;0;1706260,4;0;1706260,4;0;0
2271;FHEMIG;9288136;Reestruturação dos Hospitais da Rede FHEMIG;;9389266;;;;;50100;0;0;0;0;50100;0;50100;0;0
2271;FHEMIG;9288136;Reestruturação dos Hospitais da Rede FHEMIG;;9389270;;;;;54900;0;0;0;0;54900;0;54900;0;0
2271;FHEMIG;9288136;Reestruturação dos Hospitais da Rede FHEMIG;;9391021;;;;;352551,72;288969,98;0;0;0;58198,33;5383,41;58198,33;5383,41;0
2271;FHEMIG;9288136;Reestruturação dos Hospitais da Rede FHEMIG;;9392908;;;;;55995;0;0;0;0;55995;0;55995;0;0
2271;FHEMIG;9288136;Reestruturação dos Hospitais da Rede FHEMIG;;9393429;;;;;189970;0;0;0;0;189970;0;189970;0;0
2271;FHEMIG;9288136;Reestruturação dos Hospitais da Rede FHEMIG;;9396089;;;;;874400;0;0;0;0;874400;0;874400;0;0
2271;FHEMIG;9288136;Reestruturação dos Hospitais da Rede FHEMIG;;9396432;;;;;24733;0;0;0;0;0;24733;0;24733;0
2271;FHEMIG;9288136;Reestruturação dos Hospitais da Rede FHEMIG;;9396539;;;;;1299234,06;368267,58;0;0;0;97765,25;49290,38;97765,25;49290,38;0
2271;FHEMIG;9288136;Reestruturação dos Hospitais da Rede FHEMIG;;9396660;;;;;25950;0;0;0;0;0;25950;0;25950;0
2271;FHEMIG;9288136;Reestruturação dos Hospitais da Rede FHEMIG;;9396665;;;;;198000;0;0;0;0;0;198000;0;198000;0
2271;FHEMIG;9288136;Reestruturação dos Hospitais da Rede FHEMIG;;9396922;;;;;2097742,3;0;0;0;0;1161422,98;0;1161422,98;0;0
2271;FHEMIG;9288136;Reestruturação dos Hospitais da Rede FHEMIG;;9397932;;;;;12400;0;0;0;0;0;12400;0;12400;0
2271;FHEMIG;9288136;Reestruturação dos Hospitais da Rede FHEMIG;;9401845;;;;;561094,38;0;0;0;0;0;561094,38;0;561094,38;0
2271;FHEMIG;9288136;Reestruturação dos Hospitais da Rede FHEMIG;;9404356;;;;;10534373,03;0;0;0;0;1730644,44;0;1270221,87;0;0
2271;FHEMIG;9288136;Reestruturação dos Hospitais da Rede FHEMIG;;9408702;;;;;2128645,44;0;0;0;0;2029786,41;63971,3;1647040;63971,3;382746,41
2271;FHEMIG;9288136;Reestruturação dos Hospitais da Rede FHEMIG;;9408704;;;;;2284488;0;0;0;0;2284488;0;2284488;0;0
2271;FHEMIG;9288136;Reestruturação dos Hospitais da Rede FHEMIG;;9417655;;;;;280255;0;0;0;0;280255;0;280255;0;0
2271;FHEMIG;9288136;Reestruturação dos Hospitais da Rede FHEMIG;;9417659;;;;;180669,98;155862,4;0;0;0;24807,58;0;24807,58;0;0
2271;FHEMIG;9288136;Reestruturação dos Hospitais da Rede FHEMIG;;9422075;;;;;418000;0;0;0;0;418000;0;418000;0;0
2271;FHEMIG;9288136;Reestruturação dos Hospitais da Rede FHEMIG;;9422298;;;;;4197;0;0;0;0;4197;0;4197;0;0
2271;FHEMIG;9288136;Reestruturação dos Hospitais da Rede FHEMIG;;9422303;;;;;40252;0;0;0;0;40252;0;40252;0;0
2271;FHEMIG;9288136;Reestruturação dos Hospitais da Rede FHEMIG;;9422304;;;;;53199,97;0;0;0;0;53199,97;0;53199,97;0;0
2271;FHEMIG;9288136;Reestruturação dos Hospitais da Rede FHEMIG;;9427949;;;;;9417,62;0;0;0;0;0;0;0;0;0
2271;FHEMIG;9288136;Reestruturação dos Hospitais da Rede FHEMIG;;9427950;;;;;367443,55;0;0;0;0;0;0;0;0;0
2271;FHEMIG;9288136;Reestruturação dos Hospitais da Rede FHEMIG;;9430178;;;;;30450;0;0;0;0;30450;0;30450;0;0
2271;FHEMIG;9288136;Reestruturação dos Hospitais da Rede FHEMIG;;9433768;;;;;29031,75;0;0;0;0;29031,75;0;29031,75;0;0
2271;FHEMIG;9288136;Reestruturação dos Hospitais da Rede FHEMIG;;9437738;;;;;680226,31;39867,66;0;0;0;640358,65;0;640358,65;0;0
2271;FHEMIG;9288136;Reestruturação dos Hospitais da Rede FHEMIG;;9440636;;;;;14363895,02;351000;0;0;0;5006963,3;0;5006963,3;0;0
2271;FHEMIG;9288136;Reestruturação dos Hospitais da Rede FHEMIG;;9440862;;;;;1450000;0;0;0;0;0;1450000;0;1450000;0
2271;FHEMIG;9288136;Reestruturação dos Hospitais da Rede FHEMIG;;9441234;;;;;3650000;0;0;0;0;287852,6;0;107708,71;0;0
2271;FHEMIG;9288136;Reestruturação dos Hospitais da Rede FHEMIG;;9441297;;;;;66779,84;0;0;0;0;64512,12;2267,72;64512,12;2267,72;0
2271;FHEMIG;9288136;Reestruturação dos Hospitais da Rede FHEMIG;;9441298;;;;;283947,85;0;0;0;0;283947,85;0;283947,85;0;0
2271;FHEMIG;9288136;Reestruturação dos Hospitais da Rede FHEMIG;;9441992;;;;;13620,12;0;0;0;0;6810,06;6810,06;6810,06;6810,06;0
2271;FHEMIG;9288136;Reestruturação dos Hospitais da Rede FHEMIG;;9445148;;;;;2091390;0;0;0;0;0;2091390;0;2038010;0
2271;FHEMIG;9288136;Reestruturação dos Hospitais da Rede FHEMIG;;9445158;;;;;1078332;0;0;0;0;0;1078332;0;1078332;0
2271;FHEMIG;9288136;Reestruturação dos Hospitais da Rede FHEMIG;;9445593;;;;;2346275,17;0;0;0;0;144046,46;0;144046,46;0;0
2271;FHEMIG;9288136;Reestruturação dos Hospitais da Rede FHEMIG;;9446096;;;;;1168616,68;0;0;0;0;1168616,68;0;1168616,68;0;0
2271;FHEMIG;9288136;Reestruturação dos Hospitais da Rede FHEMIG;;9447036;;;;;986327,94;0;0;0;0;0;0;0;0;0
2271;FHEMIG;9288136;Reestruturação dos Hospitais da Rede FHEMIG;;9447647;;;;;1825794,49;0;0;0;0;704963,78;0;704963,78;0;0
2271;FHEMIG;9288136;Reestruturação dos Hospitais da Rede FHEMIG;;9447782;;;;;6843562,88;0;0;0;0;669352,21;0;669352,21;0;0
2271;FHEMIG;9288136;Reestruturação dos Hospitais da Rede FHEMIG;;9449217;;;;;1249189,72;0;0;0;0;115707,57;0;115707,57;0;0
2271;FHEMIG;9288136;Reestruturação dos Hospitais da Rede FHEMIG;;9454446;;;;;352410;0;0;0;0;0;0;0;0;0
2271;FHEMIG;9288136;Reestruturação dos Hospitais da Rede FHEMIG;;9459908;;;;;412972,32;0;0;0;0;220661,13;0;220661,13;0;0
2271;FHEMIG;9288136;Reestruturação dos Hospitais da Rede FHEMIG;;9470245;;;;;1e+06;0;0;0;0;0;0;0;0;0
2271;FHEMIG;9288136;Reestruturação dos Hospitais da Rede FHEMIG;;9471178;;;;;558900;0;0;0;0;0;0;0;0;0
2271;FHEMIG;9288136;Reestruturação dos Hospitais da Rede FHEMIG;;9471791;;;;;1505093,72;0;0;0;0;0;0;0;0;0
2271;FHEMIG;9440688;Melhoria da infraestrutura dos municípios – Melhoria da oferta e do acesso à saúde da população de Juiz de Fora e Zona da Mata;;9404356;;;;;292365,65;0;0;0;0;124375,27;0;15280,59;0;0
2271;FHEMIG;9440688;Melhoria da infraestrutura dos municípios – Melhoria da oferta e do acesso à saúde da população de Juiz de Fora e Zona da Mata;;9442480;;;;;550000;0;0;0;0;465874,49;0;465874,49;0;0
2301;DER-MG;9288132;Construção de pontes em São Francisco, Manga e São Romão sobre o Rio São Francisco;;0;;;;;11268693,96;4914056,58;0;0;0;3702875,57;1026236,28;3702875,57;1026236,28;0
2301;DER-MG;9288132;Construção de pontes em São Francisco, Manga e São Romão sobre o Rio São Francisco;;9143756;;;;;1745843;845843,11;0;0;0;496911,93;403087,96;496911,93;403087,96;0
2301;DER-MG;9288132;Construção de pontes em São Francisco, Manga e São Romão sobre o Rio São Francisco;;9181680;;;;;3244392,12;0;0;0;0;1736227,81;635304,21;1674073,44;635304,21;59170,96
2301;DER-MG;9288132;Construção de pontes em São Francisco, Manga e São Romão sobre o Rio São Francisco;;9197719;;;;;1073157,43;936572,52;0;0;0;103771,91;32813;103771,91;32813;0
2301;DER-MG;9288132;Construção de pontes em São Francisco, Manga e São Romão sobre o Rio São Francisco;;9288233;;;;;812500;415961,66;0;0;0;220149,74;176388,6;220149,74;176388,6;0
2301;DER-MG;9288132;Construção de pontes em São Francisco, Manga e São Romão sobre o Rio São Francisco;;9291848;;;;;2,9e+07;2,9e+07;0;0;0;0;0;0;0;0
2301;DER-MG;9288132;Construção de pontes em São Francisco, Manga e São Romão sobre o Rio São Francisco;;9321273;;;;;112706950,23;93308131,19;0;0;0;8281629,79;11117189,25;8281629,79;10343976,31;0
2301;DER-MG;9288132;Construção de pontes em São Francisco, Manga e São Romão sobre o Rio São Francisco;;9342951;;;;;0;0;0;0;0;0;0;0;0;0
2301;DER-MG;9288132;Construção de pontes em São Francisco, Manga e São Romão sobre o Rio São Francisco;;9344782;;;;;4740000;2893190,19;0;0;0;731698,65;1115111,16;731698,65;1115111,16;0
2301;DER-MG;9288132;Construção de pontes em São Francisco, Manga e São Romão sobre o Rio São Francisco;;9383229;;;;;8e+05;0;0;0;0;136766,89;181105,86;136766,89;181105,86;0
2301;DER-MG;9288132;Construção de pontes em São Francisco, Manga e São Romão sobre o Rio São Francisco;;9388867;;;;;2885703,33;0;0;0;0;1566299,35;936236,54;1566299,35;936236,54;0
2301;DER-MG;9288132;Construção de pontes em São Francisco, Manga e São Romão sobre o Rio São Francisco;;9417858;;;;;28879114,47;0;0;0;0;21138172,55;3e+06;21138172,55;3e+06;0
2301;DER-MG;9288132;Construção de pontes em São Francisco, Manga e São Romão sobre o Rio São Francisco;;9417863;;;;;64701404;0;0;0;0;23375653,86;3e+06;23375653,86;3e+06;0
2301;DER-MG;9288132;Construção de pontes em São Francisco, Manga e São Romão sobre o Rio São Francisco;;9444080;;;;;120117243,82;0;0;0;0;27245548,18;6e+06;27245548,18;6e+06;0
2301;DER-MG;9288132;Construção de pontes em São Francisco, Manga e São Romão sobre o Rio São Francisco;;9447109;;;;;519737,51;0;0;0;0;3686,76;516050,75;3686,76;516050,75;0
2301;DER-MG;9288132;Construção de pontes em São Francisco, Manga e São Romão sobre o Rio São Francisco;;9473175;;;;;5e+07;0;0;0;0;0;0;0;0;0
2301;DER-MG;9288133;Recuperação de rodovias pavimentadas em pior estado, conforme avaliação técnica do DER-MG/conclusão de corredor logístico estruturante, conforme critérios técnicos da SEINFRA;;0;;;;;243457557,79;50057215,76;0;15769,66;0;166899863,4;26219953,46;164126580,87;26219953,46;2679059,79
2301;DER-MG;9288133;Recuperação de rodovias pavimentadas em pior estado, conforme avaliação técnica do DER-MG/conclusão de corredor logístico estruturante, conforme critérios técnicos da SEINFRA;;5826;;;;;4635674,21;0;0;0;0;1212090,96;914997,24;1212090,96;914997,24;0
2301;DER-MG;9288133;Recuperação de rodovias pavimentadas em pior estado, conforme avaliação técnica do DER-MG/conclusão de corredor logístico estruturante, conforme critérios técnicos da SEINFRA;;5997;;;;;9060583,26;0;0;0;0;9060583,26;0;9060583,26;0;0
2301;DER-MG;9288133;Recuperação de rodovias pavimentadas em pior estado, conforme avaliação técnica do DER-MG/conclusão de corredor logístico estruturante, conforme critérios técnicos da SEINFRA;;9196795;;;;;392809,88;242741,16;0;0;0;115902,28;34166,44;115902,28;34166,44;0
2301;DER-MG;9288133;Recuperação de rodovias pavimentadas em pior estado, conforme avaliação técnica do DER-MG/conclusão de corredor logístico estruturante, conforme critérios técnicos da SEINFRA;;9274460;;;;;79600912,46;35805449,82;0;0;0;40395171,89;3400290,75;40395171,89;3400290,75;0
2301;DER-MG;9288133;Recuperação de rodovias pavimentadas em pior estado, conforme avaliação técnica do DER-MG/conclusão de corredor logístico estruturante, conforme critérios técnicos da SEINFRA;;9289932;;;;;5119650,25;222754,49;0;0;0;2136057,49;2760838,27;2136057,49;2760838,27;0
2301;DER-MG;9288133;Recuperação de rodovias pavimentadas em pior estado, conforme avaliação técnica do DER-MG/conclusão de corredor logístico estruturante, conforme critérios técnicos da SEINFRA;;9290287;;;;;1934225,61;0;0;0;0;819757,8;1114467,81;819757,8;1114467,81;0
2301;DER-MG;9288133;Recuperação de rodovias pavimentadas em pior estado, conforme avaliação técnica do DER-MG/conclusão de corredor logístico estruturante, conforme critérios técnicos da SEINFRA;;9290304;;;;;3399956,36;364481,59;0;0;0;1148950,86;1886523,91;1148950,86;1886523,91;0
2301;DER-MG;9288133;Recuperação de rodovias pavimentadas em pior estado, conforme avaliação técnica do DER-MG/conclusão de corredor logístico estruturante, conforme critérios técnicos da SEINFRA;;9290345;;;;;3334880,71;0;0;0;0;1232987,2;2101893,51;1232987,2;2101893,51;0
2301;DER-MG;9288133;Recuperação de rodovias pavimentadas em pior estado, conforme avaliação técnica do DER-MG/conclusão de corredor logístico estruturante, conforme critérios técnicos da SEINFRA;;9290362;;;;;4011772,47;0;0;0;0;3184880,02;826892,45;3184880,02;826892,45;0
2301;DER-MG;9288133;Recuperação de rodovias pavimentadas em pior estado, conforme avaliação técnica do DER-MG/conclusão de corredor logístico estruturante, conforme critérios técnicos da SEINFRA;;9290734;;;;;14911771,74;0;0;0;0;7897973,42;7013798,32;7897973,42;7013798,32;0
2301;DER-MG;9288133;Recuperação de rodovias pavimentadas em pior estado, conforme avaliação técnica do DER-MG/conclusão de corredor logístico estruturante, conforme critérios técnicos da SEINFRA;;9292030;;;;;670354,04;24335;0;0;0;507266,82;138752,22;507266,82;138752,22;0
2301;DER-MG;9288133;Recuperação de rodovias pavimentadas em pior estado, conforme avaliação técnica do DER-MG/conclusão de corredor logístico estruturante, conforme critérios técnicos da SEINFRA;;9292906;;;;;17863589,14;17308600,97;0;0;0;508498,41;46489,76;508498,41;46489,76;0
2301;DER-MG;9288133;Recuperação de rodovias pavimentadas em pior estado, conforme avaliação técnica do DER-MG/conclusão de corredor logístico estruturante, conforme critérios técnicos da SEINFRA;;9292908;;;;;4099123,8;535183,4;0;0;0;3179803,28;384137,12;3179803,28;384137,12;0
2301;DER-MG;9288133;Recuperação de rodovias pavimentadas em pior estado, conforme avaliação técnica do DER-MG/conclusão de corredor logístico estruturante, conforme critérios técnicos da SEINFRA;;9292941;;;;;4962195,51;412367,25;0;0;0;1452313,76;3097514,5;1452313,76;3097514,5;0
2301;DER-MG;9288133;Recuperação de rodovias pavimentadas em pior estado, conforme avaliação técnica do DER-MG/conclusão de corredor logístico estruturante, conforme critérios técnicos da SEINFRA;;9292942;;;;;7956655,1;0;0;0;0;3163393,05;4793262,05;3163393,05;4793262,05;0
2301;DER-MG;9288133;Recuperação de rodovias pavimentadas em pior estado, conforme avaliação técnica do DER-MG/conclusão de corredor logístico estruturante, conforme critérios técnicos da SEINFRA;;9292944;;;;;20645471,81;355087,72;0;0;0;7180709;13109675,09;7180709;13109675,09;0
2301;DER-MG;9288133;Recuperação de rodovias pavimentadas em pior estado, conforme avaliação técnica do DER-MG/conclusão de corredor logístico estruturante, conforme critérios técnicos da SEINFRA;;9293762;;;;;10971205,36;941871,36;0;0;0;9853104,03;176229,97;9853104,03;176229,97;0
2301;DER-MG;9288133;Recuperação de rodovias pavimentadas em pior estado, conforme avaliação técnica do DER-MG/conclusão de corredor logístico estruturante, conforme critérios técnicos da SEINFRA;;9299246;;;;;38580897,73;999625,4;0;0;0;19000110,21;18581162,12;19000110,21;18581162,12;0
2301;DER-MG;9288133;Recuperação de rodovias pavimentadas em pior estado, conforme avaliação técnica do DER-MG/conclusão de corredor logístico estruturante, conforme critérios técnicos da SEINFRA;;9300467;;;;;16842824,27;3e+05;0;0;0;4186225,86;12356598,41;4186225,86;12356598,41;0
2301;DER-MG;9288133;Recuperação de rodovias pavimentadas em pior estado, conforme avaliação técnica do DER-MG/conclusão de corredor logístico estruturante, conforme critérios técnicos da SEINFRA;;9301501;;;;;3794741,2;0;0;0;0;0;3794741,2;0;3794741,2;0
2301;DER-MG;9288133;Recuperação de rodovias pavimentadas em pior estado, conforme avaliação técnica do DER-MG/conclusão de corredor logístico estruturante, conforme critérios técnicos da SEINFRA;;9312383;;;;;35762633,48;104977,37;0;0;0;19230684,17;16426971,94;19230684,17;16426971,94;0
2301;DER-MG;9288133;Recuperação de rodovias pavimentadas em pior estado, conforme avaliação técnica do DER-MG/conclusão de corredor logístico estruturante, conforme critérios técnicos da SEINFRA;;9313584;;;;;36993214,91;2212115,12;0;0;0;19115921,44;15665178,35;19115921,44;15665178,35;0
2301;DER-MG;9288133;Recuperação de rodovias pavimentadas em pior estado, conforme avaliação técnica do DER-MG/conclusão de corredor logístico estruturante, conforme critérios técnicos da SEINFRA;;9315888;;;;;2631231,99;0;0;0;0;1017216,53;1614015,46;1017216,53;1614015,46;0
2301;DER-MG;9288133;Recuperação de rodovias pavimentadas em pior estado, conforme avaliação técnica do DER-MG/conclusão de corredor logístico estruturante, conforme critérios técnicos da SEINFRA;;9318435;;;;;10348341,85;163100,6;0;0;0;2060423,23;8124818,02;2060423,23;8124818,02;0
2301;DER-MG;9288133;Recuperação de rodovias pavimentadas em pior estado, conforme avaliação técnica do DER-MG/conclusão de corredor logístico estruturante, conforme critérios técnicos da SEINFRA;;9321401;;;;;5209112,15;0;0;0;0;3104069,85;2105042,3;3104069,85;2105042,3;0
2301;DER-MG;9288133;Recuperação de rodovias pavimentadas em pior estado, conforme avaliação técnica do DER-MG/conclusão de corredor logístico estruturante, conforme critérios técnicos da SEINFRA;;9326050;;;;;31835725,6;518830,25;0;0;0;29983014,82;1333880,53;29983014,82;1333880,53;0
2301;DER-MG;9288133;Recuperação de rodovias pavimentadas em pior estado, conforme avaliação técnica do DER-MG/conclusão de corredor logístico estruturante, conforme critérios técnicos da SEINFRA;;9327347;;;;;1e+06;1e+06;0;0;0;0;0;0;0;0
2301;DER-MG;9288133;Recuperação de rodovias pavimentadas em pior estado, conforme avaliação técnica do DER-MG/conclusão de corredor logístico estruturante, conforme critérios técnicos da SEINFRA;;9332216;;;;;6147938,76;0;0;0;0;3390010,62;2757928,14;3390010,62;2757928,14;0
2301;DER-MG;9288133;Recuperação de rodovias pavimentadas em pior estado, conforme avaliação técnica do DER-MG/conclusão de corredor logístico estruturante, conforme critérios técnicos da SEINFRA;;9332667;;;;;3915076,8;3915076,8;0;0;0;0;0;0;0;0
2301;DER-MG;9288133;Recuperação de rodovias pavimentadas em pior estado, conforme avaliação técnica do DER-MG/conclusão de corredor logístico estruturante, conforme critérios técnicos da SEINFRA;;9332670;;;;;4747577,24;0;0;0;0;4747577,24;0;4747577,24;0;0
2301;DER-MG;9288133;Recuperação de rodovias pavimentadas em pior estado, conforme avaliação técnica do DER-MG/conclusão de corredor logístico estruturante, conforme critérios técnicos da SEINFRA;;9333110;;;;;11162380,25;0;0;0;0;7652361,29;3510018,96;7652361,29;3510018,96;0
2301;DER-MG;9288133;Recuperação de rodovias pavimentadas em pior estado, conforme avaliação técnica do DER-MG/conclusão de corredor logístico estruturante, conforme critérios técnicos da SEINFRA;;9333311;;;;;2221505,63;2221505,63;0;0;0;0;0;0;0;0
2301;DER-MG;9288133;Recuperação de rodovias pavimentadas em pior estado, conforme avaliação técnica do DER-MG/conclusão de corredor logístico estruturante, conforme critérios técnicos da SEINFRA;;9333318;;;;;4775944,55;0;0;0;0;2058217,86;2717726,69;2058217,86;2717726,69;0
2301;DER-MG;9288133;Recuperação de rodovias pavimentadas em pior estado, conforme avaliação técnica do DER-MG/conclusão de corredor logístico estruturante, conforme critérios técnicos da SEINFRA;;9333334;;;;;3042148,8;0;0;0;0;75385,25;2966763,55;75385,25;2966763,55;0
2301;DER-MG;9288133;Recuperação de rodovias pavimentadas em pior estado, conforme avaliação técnica do DER-MG/conclusão de corredor logístico estruturante, conforme critérios técnicos da SEINFRA;;9333352;;;;;1107917,67;893865,35;0;0;0;214052,32;0;214052,32;0;0
2301;DER-MG;9288133;Recuperação de rodovias pavimentadas em pior estado, conforme avaliação técnica do DER-MG/conclusão de corredor logístico estruturante, conforme critérios técnicos da SEINFRA;;9337072;;;;;13227556,16;0;0;0;0;12317095,11;910461,05;12317095,11;910461,05;0
2301;DER-MG;9288133;Recuperação de rodovias pavimentadas em pior estado, conforme avaliação técnica do DER-MG/conclusão de corredor logístico estruturante, conforme critérios técnicos da SEINFRA;;9337142;;;;;2295805,98;0;0;0;0;2295805,98;0;2295805,98;0;0
2301;DER-MG;9288133;Recuperação de rodovias pavimentadas em pior estado, conforme avaliação técnica do DER-MG/conclusão de corredor logístico estruturante, conforme critérios técnicos da SEINFRA;;9342951;;;;;76575418,03;21164517,82;0;0;0;41640975,69;12638478,19;41640975,69;12638478,19;0
2301;DER-MG;9288133;Recuperação de rodovias pavimentadas em pior estado, conforme avaliação técnica do DER-MG/conclusão de corredor logístico estruturante, conforme critérios técnicos da SEINFRA;;9344218;;;;;56360733,63;37898759,79;0;0;0;8702245,87;9759727,97;8702245,87;9759727,97;0
2301;DER-MG;9288133;Recuperação de rodovias pavimentadas em pior estado, conforme avaliação técnica do DER-MG/conclusão de corredor logístico estruturante, conforme critérios técnicos da SEINFRA;;9344767;;;;;1257285,84;4e+05;0;0;0;20857,02;455725,01;20857,02;455725,01;0
2301;DER-MG;9288133;Recuperação de rodovias pavimentadas em pior estado, conforme avaliação técnica do DER-MG/conclusão de corredor logístico estruturante, conforme critérios técnicos da SEINFRA;;9344818;;;;;1537931,28;1359919,29;0;0;0;168137,37;9874,62;168137,37;9874,62;0
2301;DER-MG;9288133;Recuperação de rodovias pavimentadas em pior estado, conforme avaliação técnica do DER-MG/conclusão de corredor logístico estruturante, conforme critérios técnicos da SEINFRA;;9345546;;;;;8832377,26;0;0;0;0;3883174,43;4949202,83;3883174,43;4949202,83;0
2301;DER-MG;9288133;Recuperação de rodovias pavimentadas em pior estado, conforme avaliação técnica do DER-MG/conclusão de corredor logístico estruturante, conforme critérios técnicos da SEINFRA;;9388658;;;;;3407694,78;0;0;0;0;1834035,78;756897,22;1834035,78;756897,22;0
2301;DER-MG;9288133;Recuperação de rodovias pavimentadas em pior estado, conforme avaliação técnica do DER-MG/conclusão de corredor logístico estruturante, conforme critérios técnicos da SEINFRA;;9411269;;;;;25766760,52;0;0;0;0;21228951,28;1498705,4;21228951,28;1498705,4;0
2301;DER-MG;9288133;Recuperação de rodovias pavimentadas em pior estado, conforme avaliação técnica do DER-MG/conclusão de corredor logístico estruturante, conforme critérios técnicos da SEINFRA;;9417573;;;;;1616623,95;0;0;0;0;611376,54;694164,34;611376,54;694164,34;0
2301;DER-MG;9288133;Recuperação de rodovias pavimentadas em pior estado, conforme avaliação técnica do DER-MG/conclusão de corredor logístico estruturante, conforme critérios técnicos da SEINFRA;;9459021;;;;;1e+07;0;0;0;0;2435188,16;0;733655,33;0;0
2301;DER-MG;9288133;Recuperação de rodovias pavimentadas em pior estado, conforme avaliação técnica do DER-MG/conclusão de corredor logístico estruturante, conforme critérios técnicos da SEINFRA;;9459022;;;;;5300000;0;0;0;0;0;0;0;0;0
2301;DER-MG;9288134;Realização de obras rodoviárias - Caeté - Barão de Cocais e Contorno de Barão de Cocais;;0;;;;;17384148,54;3397707,67;0;49540,43;0;8822884,12;962871,51;8758863,37;962871,51;14480,32
2301;DER-MG;9288134;Realização de obras rodoviárias - Caeté - Barão de Cocais e Contorno de Barão de Cocais;;5859;;;;;129351536,99;20972182,53;0;0;0;40859411,03;49210284,29;40859411,03;49210284,29;0
2301;DER-MG;9288134;Realização de obras rodoviárias - Caeté - Barão de Cocais e Contorno de Barão de Cocais;;9300461;;;;;2497842,86;1294209,14;0;0;0;1049553,9;154079,82;1049553,9;154079,82;0
2301;DER-MG;9288134;Realização de obras rodoviárias - Caeté - Barão de Cocais e Contorno de Barão de Cocais;;9321402;;;;;2980066,41;353,96;0;0;0;2143746,08;835966,37;2143746,08;835966,37;0
2301;DER-MG;9288191;Ressarcimentos de despesas públicas;;9143756;;;;;582000;348701,63;0;0;0;156890,14;76408,23;156890,14;76408,23;0
2301;DER-MG;9288191;Ressarcimentos de despesas públicas;;9251457;;;;;1200000;886021,6;0;0;0;288069,63;25908,77;288069,63;25908,77;0
2301;DER-MG;9288191;Ressarcimentos de despesas públicas;;9288131;;;;;5454594,73;1522596,13;0;0;0;3461225,81;470772,79;3461225,81;470772,79;0
2301;DER-MG;9288191;Ressarcimentos de despesas públicas;;9288233;;;;;12530893,86;219580,9;0;0;0;8682818,6;2237876,5;8682818,6;2237876,5;0
2301;DER-MG;9288191;Ressarcimentos de despesas públicas;;9315246;;;;;0;0;0;0;0;0;0;0;0;0
2301;DER-MG;9288191;Ressarcimentos de despesas públicas;;9363592;;;;;1303480,92;0;0;0;0;1303480,92;0;1303480,92;0;0
2301;DER-MG;9288191;Ressarcimentos de despesas públicas;;9375591;;;;;6954688,46;2532981,81;0;0;0;3638924,7;118831,36;3638924,7;118831,36;0
2301;DER-MG;9288191;Ressarcimentos de despesas públicas;;9382502;;;;;2949954,99;57340,54;0;0;0;2383819,92;508794,53;2383819,92;508794,53;0
2301;DER-MG;9288198;Conclusão de obra e Equipagem de Hospitais Regionais;;0;;;;;2827000;0;0;0;0;535422,89;0;535422,89;0;0
2301;DER-MG;9288198;Conclusão de obra e Equipagem de Hospitais Regionais;;9441355;;;;;13364474,23;0;0;0;0;4744812,87;1777974,92;4744812,87;1777974,92;0
2301;DER-MG;9342884;Melhoria da infraestrutura dos municípios - Mobilidade regional na Bacia do Paraopeba;;0;;;;;4475818,75;1013069,06;0;0;0;3462749,69;0;3462749,69;0;0
2301;DER-MG;9342884;Melhoria da infraestrutura dos municípios - Mobilidade regional na Bacia do Paraopeba;;9344621;;;;;45299999,66;941576,63;0;0;0;3588083,28;40770339,75;3588083,28;40770339,75;0
2301;DER-MG;9342884;Melhoria da infraestrutura dos municípios - Mobilidade regional na Bacia do Paraopeba;;9373305;;;;;916920,6;0;0;0;0;916920,6;0;916920,6;0;0
2301;DER-MG;9361779;Recuperação de rodovias pavimentadas em pior estado, conforme avaliação técnica do DER-MG / conclusão de corredor logístico estruturante, conforme critérios técnicos da Seinfra - Mobilidade regional na Bacia do Paraopeba;;0;;;;;50854025,5;16015464,39;0;294015,21;0;25943044,62;1521413,33;25647959,41;1521413,33;1067,43
2301;DER-MG;9361779;Recuperação de rodovias pavimentadas em pior estado, conforme avaliação técnica do DER-MG / conclusão de corredor logístico estruturante, conforme critérios técnicos da Seinfra - Mobilidade regional na Bacia do Paraopeba;;9371336;;;;;518250,43;201391,33;0;0;0;0;316859,1;0;316859,1;0
2301;DER-MG;9361779;Recuperação de rodovias pavimentadas em pior estado, conforme avaliação técnica do DER-MG / conclusão de corredor logístico estruturante, conforme critérios técnicos da Seinfra - Mobilidade regional na Bacia do Paraopeba;;9371865;;;;;127399468,44;5e+07;0;0;0;40705501,17;34330856,21;40705501,17;30411474,71;3872348,92
2301;DER-MG;9361779;Recuperação de rodovias pavimentadas em pior estado, conforme avaliação técnica do DER-MG / conclusão de corredor logístico estruturante, conforme critérios técnicos da Seinfra - Mobilidade regional na Bacia do Paraopeba;;9372566;;;;;2862230,14;63076,18;0;0;0;1312569,38;1486584,58;1312569,38;1486584,58;0
2301;DER-MG;9361779;Recuperação de rodovias pavimentadas em pior estado, conforme avaliação técnica do DER-MG / conclusão de corredor logístico estruturante, conforme critérios técnicos da Seinfra - Mobilidade regional na Bacia do Paraopeba;;9389525;;;;;56977087,08;15376324,48;0;0;0;1094595,46;22031161,84;1094595,46;22031161,84;0
2301;DER-MG;9361779;Recuperação de rodovias pavimentadas em pior estado, conforme avaliação técnica do DER-MG / conclusão de corredor logístico estruturante, conforme critérios técnicos da Seinfra - Mobilidade regional na Bacia do Paraopeba;;9428115;;;;;2100000;0;0;0;0;1260659,65;353154,46;1260659,65;353154,46;0
2301;DER-MG;9395028;Projetos Regionais Rodoviários - Mobilidade regional na Bacia do Paraopeba;;9389525;;;;;2805350,39;0;0;0;0;2231115,43;0;2231115,43;0;0
2371;IMA;9288142;Fortalecimento da estrutura e dos processos do Instituto Mineiro de Agropecuária;;0;;;;;1528378,94;122535;0;0;0;1120477,69;285366,25;1120477,69;285366,25;0
2371;IMA;9288142;Fortalecimento da estrutura e dos processos do Instituto Mineiro de Agropecuária;;9315132;;;;;44500;44500;0;0;0;0;0;0;0;0
2371;IMA;9288142;Fortalecimento da estrutura e dos processos do Instituto Mineiro de Agropecuária;;9315232;;;;;2182468,2;0;0;0;0;0;2182468,2;0;2182468,2;0
2371;IMA;9288142;Fortalecimento da estrutura e dos processos do Instituto Mineiro de Agropecuária;;9317542;;;;;2017702,5;0;0;0;0;0;2017702,5;0;2017702,5;0
2371;IMA;9288142;Fortalecimento da estrutura e dos processos do Instituto Mineiro de Agropecuária;;9327235;;;;;1265271;0;0;0;0;1265271;0;1265271;0;0
2371;IMA;9288142;Fortalecimento da estrutura e dos processos do Instituto Mineiro de Agropecuária;;9341580;;;;;596750;0;0;0;0;596750;0;596750;0;0
2371;IMA;9288142;Fortalecimento da estrutura e dos processos do Instituto Mineiro de Agropecuária;;9344175;;;;;18536700;0;0;0;0;18468800;67900;18400900;67900;67900
2371;IMA;9288142;Fortalecimento da estrutura e dos processos do Instituto Mineiro de Agropecuária;;9346076;;;;;75540;75540;0;0;0;0;0;0;0;0
2371;IMA;9288142;Fortalecimento da estrutura e dos processos do Instituto Mineiro de Agropecuária;;9346078;;;;;82530;0;0;0;0;82530;0;82530;0;0
2371;IMA;9288142;Fortalecimento da estrutura e dos processos do Instituto Mineiro de Agropecuária;;9346079;;;;;114900;0;0;0;0;114900;0;114900;0;0
2371;IMA;9288142;Fortalecimento da estrutura e dos processos do Instituto Mineiro de Agropecuária;;9346080;;;;;94707;0;0;0;0;0;94707;0;94707;0
2371;IMA;9288142;Fortalecimento da estrutura e dos processos do Instituto Mineiro de Agropecuária;;9346081;;;;;67350;0;0;0;0;67350;0;67350;0;0
2371;IMA;9288142;Fortalecimento da estrutura e dos processos do Instituto Mineiro de Agropecuária;;9366257;;;;;21419,7;0;0;0;0;0;21419,7;0;21419,7;0
2371;IMA;9288142;Fortalecimento da estrutura e dos processos do Instituto Mineiro de Agropecuária;;9367511;;;;;22115,06;0;0;0;0;0;22115,06;0;22115,06;0
2371;IMA;9288142;Fortalecimento da estrutura e dos processos do Instituto Mineiro de Agropecuária;;9367981;;;;;84140,99;0;0;0;0;0;84140,99;0;84140,99;0
2371;IMA;9288142;Fortalecimento da estrutura e dos processos do Instituto Mineiro de Agropecuária;;9379454;;;;;145653,07;0;0;0;0;145653,07;0;145653,07;0;0
2371;IMA;9288142;Fortalecimento da estrutura e dos processos do Instituto Mineiro de Agropecuária;;9382784;;;;;145327,27;0;0;0;0;145327,27;0;145327,27;0;0
2371;IMA;9288142;Fortalecimento da estrutura e dos processos do Instituto Mineiro de Agropecuária;;9382785;;;;;107982,19;0;0;0;0;107982,19;0;107982,19;0;0
2371;IMA;9288142;Fortalecimento da estrutura e dos processos do Instituto Mineiro de Agropecuária;;9382786;;;;;49000;0;0;0;0;49000;0;49000;0;0
2371;IMA;9288142;Fortalecimento da estrutura e dos processos do Instituto Mineiro de Agropecuária;;9382788;;;;;57858,02;0;0;0;0;57858,02;0;57858,02;0;0
2371;IMA;9288142;Fortalecimento da estrutura e dos processos do Instituto Mineiro de Agropecuária;;9382789;;;;;102166,91;0;0;0;0;102166,91;0;102166,91;0;0
2371;IMA;9288142;Fortalecimento da estrutura e dos processos do Instituto Mineiro de Agropecuária;;9382790;;;;;410600;0;0;0;0;410600;0;410600;0;0
2371;IMA;9288142;Fortalecimento da estrutura e dos processos do Instituto Mineiro de Agropecuária;;9382791;;;;;89800;0;0;0;0;89800;0;89800;0;0
2371;IMA;9288142;Fortalecimento da estrutura e dos processos do Instituto Mineiro de Agropecuária;;9382792;;;;;514000;0;0;0;0;514000;0;514000;0;0
2371;IMA;9288142;Fortalecimento da estrutura e dos processos do Instituto Mineiro de Agropecuária;;9406229;;;;;57686,02;0;0;0;0;0;57686,02;0;57686,02;0
2371;IMA;9288142;Fortalecimento da estrutura e dos processos do Instituto Mineiro de Agropecuária;;9406235;;;;;275744;0;0;0;0;0;275744;0;275744;0
2371;IMA;9288142;Fortalecimento da estrutura e dos processos do Instituto Mineiro de Agropecuária;;9406383;;;;;87004,8;0;0;0;0;0;87004,8;0;87004,8;0
2371;IMA;9288142;Fortalecimento da estrutura e dos processos do Instituto Mineiro de Agropecuária;;9406781;;;;;112643,34;0;0;0;0;0;112643,34;0;112643,34;0
2371;IMA;9288142;Fortalecimento da estrutura e dos processos do Instituto Mineiro de Agropecuária;;9410182;;;;;497161,7;0;0;0;0;497161,7;0;497161,7;0;0
2371;IMA;9288142;Fortalecimento da estrutura e dos processos do Instituto Mineiro de Agropecuária;;9429229;;;;;13200;0;0;0;0;13200;0;13200;0;0
2371;IMA;9288142;Fortalecimento da estrutura e dos processos do Instituto Mineiro de Agropecuária;;9429717;;;;;0;0;0;0;0;0;0;0;0;0
2371;IMA;9288142;Fortalecimento da estrutura e dos processos do Instituto Mineiro de Agropecuária;;9442111;;;;;105712,2;105712,2;0;0;0;0;0;0;0;0
2371;IMA;9288142;Fortalecimento da estrutura e dos processos do Instituto Mineiro de Agropecuária;;9445195;;;;;316960,43;0;0;0;0;22054,74;294905,69;22054,74;294905,69;0
2371;IMA;9288142;Fortalecimento da estrutura e dos processos do Instituto Mineiro de Agropecuária;;9445760;;;;;194707,19;0;0;0;0;52957,92;95989,73;52957,92;95989,73;0
2371;IMA;9288142;Fortalecimento da estrutura e dos processos do Instituto Mineiro de Agropecuária;;9445910;;;;;98095,83;0;0;0;0;49429,16;48666,67;49429,16;48666,67;0
2371;IMA;9288142;Fortalecimento da estrutura e dos processos do Instituto Mineiro de Agropecuária;;9469740;;;;;766070,98;0;0;0;0;0;0;0;0;0
2371;IMA;9288142;Fortalecimento da estrutura e dos processos do Instituto Mineiro de Agropecuária;;9469741;;;;;479589,07;0;0;0;0;0;0;0;0;0
2371;IMA;9288142;Fortalecimento da estrutura e dos processos do Instituto Mineiro de Agropecuária;;9474086;;;;;386500;0;0;0;0;0;0;0;0;0
2371;IMA;9288149;Revitalização do Parque de Exposições Bolivar de Andrade;;9341007;;;;;1487022,37;0;0;0;0;1487022,37;0;1487022,37;0;0
2371;IMA;9288149;Revitalização do Parque de Exposições Bolivar de Andrade;;9345549;;;;;0;0;0;0;0;0;0;0;0;0
2371;IMA;9288149;Revitalização do Parque de Exposições Bolivar de Andrade;;9396453;;;;;1641119,22;182622,11;0;0;0;1150985,19;239582,79;1150985,19;239582,79;0
2371;IMA;9288191;Ressarcimentos de despesas públicas;;9287509;;;;;33475,01;0;0;0;0;20850,51;0;20850,51;0;0
2371;IMA;9288193;Implantação do Sistema de Gestão de Processos (BPMS) no Instituto Mineiro de Agropecuária (IMA);;9317619;;;;;809950;0;0;0;0;809950;0;809950;0;0
2371;IMA;9288193;Implantação do Sistema de Gestão de Processos (BPMS) no Instituto Mineiro de Agropecuária (IMA);;9390125;;;;;499996,15;2946,89;0;0;0;0;497049,26;0;497049,26;0
2371;IMA;9288193;Implantação do Sistema de Gestão de Processos (BPMS) no Instituto Mineiro de Agropecuária (IMA);;9434081;;;;;2590053,85;0;0;0;0;2590053,85;0;2590053,85;0;0
2371;IMA;9288194;Reestruturação do laboratório de química agropecuária do Instituto Mineiro de Agropecuária;;9345549;;;;;290148,29;129655,27;0;0;0;152815,82;7677,2;152815,82;7677,2;0
2431;AGENCIA RMBH;9288139;Atualização do Plano de Desenvolvimento Urbano Integrado da Região Metropolitana de Belo Horizonte – PDUI-RMBH;;9314777;;;;;4235865,38;1523425,51;0;0;0;2712439,87;0;2712439,87;0;0
2431;AGENCIA RMBH;9288139;Atualização do Plano de Desenvolvimento Urbano Integrado da Região Metropolitana de Belo Horizonte – PDUI-RMBH;;9424616;;;;;19096;0;0;0;0;19096;0;19096;0;0
2431;AGENCIA RMBH;9288185;Elaboração de Plano Metropolitano de Segurança Hídrica para a Região Metropolitana de Belo Horizonte.;;9319449;;;;;1245710,9;0;0;0;0;794625,35;451085,55;794625,35;451085,55;0
2441;ARSAE -MG;9288135;Implantação do Sistema de Informações Regulatórias da ARSAE-MG;;9317382;;;;;1302676;72964,42;0;0;0;601367;628344,58;601367;628344,58;0
4291;FES;9288191;Ressarcimentos de despesas públicas;;0;;;;;2293,85;0;0;0;0;2293,85;0;2293,85;0;0
4291;FES;9288198;Conclusão de obra e Equipagem de Hospitais Regionais;;0;;;;;6714097,8;0;0;0;0;6299205;0;6299205;0;0
4291;FES;9288198;Conclusão de obra e Equipagem de Hospitais Regionais;;9276529;;;;;0;0;0;0;0;0;0;0;0;0
4291;FES;9288198;Conclusão de obra e Equipagem de Hospitais Regionais;;9297397;;;;;1360743,7;297137,52;0;0;0;388791,52;674814,66;388791,52;674814,66;0
4291;FES;9288198;Conclusão de obra e Equipagem de Hospitais Regionais;;9346705;;;;;104874900,96;0;0;0;0;20041468,8;78530733,9;20041468,8;68423836,5;3426814,74
4291;FES;9288198;Conclusão de obra e Equipagem de Hospitais Regionais;;9372002;;;;;44422566,22;0;0;0;0;1546723,45;38510074,28;1546723,45;35578984,38;2895916,82
4291;FES;9288198;Conclusão de obra e Equipagem de Hospitais Regionais;;9372003;;;;;31497672,86;30073083,75;0;0;0;439457,52;985131,59;439457,52;985131,59;0
4291;FES;9288198;Conclusão de obra e Equipagem de Hospitais Regionais;;9372554;;;;;127883066,13;43907142,17;0;6794,28;0;7348424,52;29442397,24;7241820,9;29442397,24;95148,61
4291;FES;9288198;Conclusão de obra e Equipagem de Hospitais Regionais;;9394635;;;;;5261852,22;0;0;0;0;322141,91;2465564,45;41746,96;2459379,63;267343,31
4291;FES;9288198;Conclusão de obra e Equipagem de Hospitais Regionais;;9402749;;;;;2382255,42;0;0;0;0;0;1806112,47;0;1772512,63;31945,69
4291;FES;9288198;Conclusão de obra e Equipagem de Hospitais Regionais;;9437890;;;;;5250985,48;0;0;0;0;0;0;0;0;0
4291;FES;9288198;Conclusão de obra e Equipagem de Hospitais Regionais;;9453442;;;;;3844000;0;0;0;0;0;0;0;0;0
4291;FES;9288198;Conclusão de obra e Equipagem de Hospitais Regionais;;9458873;;;;;516898,65;0;0;0;0;442068,69;0;442068,69;0;0
4291;FES;9288198;Conclusão de obra e Equipagem de Hospitais Regionais;;9460034;;;;;1534968;0;0;0;0;0;0;0;0;0
4291;FES;9288198;Conclusão de obra e Equipagem de Hospitais Regionais;;9469950;;;;;1584144;0;0;0;0;0;0;0;0;0
4291;FES;9288198;Conclusão de obra e Equipagem de Hospitais Regionais;;9472460;;;;;71402271,19;0;0;0;0;71402271,19;0;71402271,19;0;0
4291;FES;9288198;Conclusão de obra e Equipagem de Hospitais Regionais;;9473224;;;;;13597728,81;0;0;0;0;13597728,81;0;13597728,81;0;0
4291;FES;9288198;Conclusão de obra e Equipagem de Hospitais Regionais;;9473408;;;;;33023341,85;0;0;0;0;0;0;0;0;0
4291;FES;9288198;Conclusão de obra e Equipagem de Hospitais Regionais;;9473905;;;;;5080000;0;0;0;0;0;0;0;0;0
4291;FES;9288198;Conclusão de obra e Equipagem de Hospitais Regionais;;9474032;;;;;616000;0;0;0;0;0;0;0;0;0
4291;FES;9288198;Conclusão de obra e Equipagem de Hospitais Regionais;;9474033;;;;;2994000;0;0;0;0;0;0;0;0;0
4631;FPP - MG;9288180;Implantação do Rodoanel da Região Metropolitana de Belo Horizonte;;9389097;;;;;209105112;180909438,8;0;0;0;18377536,94;1703095,84;18377536,94;1703095,84;0
